ID,Phase,Status,Cluster,Source,File:Line,Current,Target,Delta,Fix,Effort,Priority,Confidence,Evidence_strength,Truth_level,Claim_state,Verify,Test,Rollback,Blast_radius,Depends_on,Blocks,Completion_blocker
ARCH-001,arch,NEW,CLUSTER-extra-layer,01_architectural.md,backend/modules/finance/__init__.py:1,`modules/finance/` directory exists with `routers/cash_management.py`,"5 fixed modules: admin, customer, employee, logistics, supplier (L-13)","Finance is a domain, not a module; a 6th module violates Law 13",Delete `modules/finance/`; move any legitimate routes to `modules/admin/routers/finance.py`,M (2h),P0,5,triangulated,L0,VERIFIED,`git ls modules/finance` returns empty,tests/architecture/test_import_laws.py,`git revert <commit>`,"F-003, F-012",none,ARCH-014,yes
ARCH-002,arch,NEW,CLUSTER-extra-layer,01_architectural.md,backend/domains/payments/events.py:1,"`domains/payments/` directory exists with models, services, ports, events, subscribers","15 fixed domains: accounts, analytics, audit, catalog, comms, country, customers, finance, governance, hr, logistics, orders, promotions, security, suppliers (L-12)","Payments is a provider concern, not a domain; `providers/payments/` is the canonical location",Delete `domains/payments/`; consolidate into `providers/payments/` and `domains/finance/services/payments/`,L (8h),P0,5,triangulated,L0,VERIFIED,`git ls domains/payments` returns empty,tests/architecture/test_schema_discipline.py,`git revert <commit>`,"F-003, F-012",none,ARCH-014,yes
ARCH-003,arch,NEW,CLUSTER-dead-code,01_architectural.md,backend/health_test_al7665zt.py:1,75 `health_test_*.py` files and 15 `_tmp_*.py` files at backend root,"Root forbidden folders + temp scripts removed after use (L-18, L-27)",Temporary one-off scripts and health stubs pollute the backend root,"Delete all `health_test_*.py`, `_tmp_*.py`, and `_audit_boot_check.py` from backend root",S (30m),P1,5,single,L0,VERIFIED,`ls backend/health_test_*.py` returns empty,none,`git revert <commit>`,repo hygiene,none,none,no
ARCH-004,arch,NEW,CLUSTER-dead-code,01_architectural.md,backend/run_tests.ps1:1,`run_tests.ps1` and `run_tests.sh` exist at backend root,Delete outdated root runners; use `scripts/run-pipeline.ps1` exclusively (project constraint),Outdated root runners violate the project's stated single-runner policy,Delete `run_tests.ps1` and `run_tests.sh`; use `scripts/run-pipeline.ps1`,S (15m),P1,5,single,L0,VERIFIED,`ls backend/run_tests.*` returns empty,none,`git revert <commit>`,CI confusion,none,none,no
ARCH-005,arch,NEW,CLUSTER-router-direct-import,01_architectural.md,backend/modules/admin/routers/finance.py:12,"`from domains.finance.services.ledger.general_ledger import create_category_rate, list_category_rates, update_category_rate`","Cross-domain reads go through `domains/finance/ports.py` only (L-3, L-17)",Router imports directly from domain services instead of through ports.py,Change import to `from domains.finance.ports import ...` after adding functions to ports.py,M (2h),P1,5,triangulated,L0,VERIFIED,"`python -c ""from modules.admin.routers.finance import router""` succeeds after change",tests/modules/admin/test_finance_routes.py,`git revert <commit>`,admin finance routes,none,none,no
ARCH-006,arch,NEW,CLUSTER-router-direct-import,01_architectural.md,backend/modules/customer/routers/catalog.py:11,"`from domains.catalog.services.categories.category_service import list_categories` and `from domains.catalog.services.products.products_service import get_product, get_products, autocomplete_products, get_recommended_products` and `from domains.catalog.services.search import search_products`","Cross-domain reads go through `domains/catalog/ports.py` only (L-3, L-17)",Router imports 6 functions directly from catalog services; none are exposed via `catalog/ports.py`,Add functions to `domains/catalog/ports.py`; change router to import from ports,M (3h),P1,5,triangulated,L0,VERIFIED,"`python -c ""from modules.customer.routers.catalog import router""` succeeds after change",tests/modules/customer/test_catalog_routes.py,`git revert <commit>`,customer catalog routes,none,none,no
ARCH-007,arch,NEW,CLUSTER-router-direct-import,01_architectural.md,backend/modules/supplier/routers/accounts.py:18,"`from domains.accounts.services.auth.auth_service import (...)` and `from domains.accounts.services.sessions.session_service import list_sessions, revoke_session`","Cross-domain reads go through `domains/accounts/ports.py` only (L-3, L-17)",Router imports directly from accounts services; functions are not exposed via `accounts/ports.py`,Add functions to `domains/accounts/ports.py`; change router to import from ports,M (2h),P1,5,triangulated,L0,VERIFIED,"`python -c ""from modules.supplier.routers.accounts import router""` succeeds after change",tests/modules/supplier/test_accounts_routes.py,`git revert <commit>`,supplier account routes,none,none,no
ARCH-008,arch,NEW,CLUSTER-router-direct-import,01_architectural.md,backend/modules/logistics/routers/finance.py:18,`from domains.finance.services.finance_service import (...)` and `from domains.finance.services.treasury.cash_management_service import CashManagementService`,"Cross-domain reads go through `domains/finance/ports.py` only (L-3, L-17)",Router imports directly from finance services; functions are not exposed via `finance/ports.py`,Add functions to `domains/finance/ports.py`; change router to import from ports,M (2h),P1,5,triangulated,L0,VERIFIED,"`python -c ""from modules.logistics.routers.finance import router""` succeeds after change",tests/modules/logistics/test_finance_routes.py,`git revert <commit>`,logistics finance routes,none,none,no
ARCH-009,arch,NEW,CLUSTER-middleware-domain-import,01_architectural.md,backend/middleware/dependencies/auth.py:19,"`from domains.accounts.services.auth.security_dependencies import bearer_scheme, get_current_user, ...`","middleware → {rbac, infrastructure} only (L-1, L-97)",Middleware imports directly from a domain service; violates the dependency direction law,Move canonical auth deps to `infrastructure/security/dependencies.py`; update import to `from infrastructure.security.dependencies import ...`,M (2h),P1,5,triangulated,L0,VERIFIED,"`python -c ""from middleware.dependencies.auth import get_current_user""` succeeds after change",tests/architecture/test_import_laws.py,`git revert <commit>`,"auth pipeline, all routes",none,none,partial
ARCH-010,arch,NEW,CLUSTER-middleware-domain-import,01_architectural.md,backend/middleware/dependencies/country_detection.py:34,`from providers.geography.ip import detect_country_from_ip`,"middleware → {rbac, infrastructure} only (L-1, L-97)",Middleware imports directly from a provider; violates the dependency direction law,Move provider call into an infrastructure wrapper; update import to `from infrastructure.geography import ...`,M (1h),P2,4,single,L0,VERIFIED,"`python -c ""from middleware.dependencies.country_detection import *""` succeeds after change",tests/architecture/test_import_laws.py,`git revert <commit>`,country detection middleware,none,none,no
ARCH-011,arch,NEW,CLUSTER-module-as-router,01_architectural.md,backend/modules/finance/routers/cash_management.py:1,File contains 49 plain functions with `db: Session` parameters and `APIRouter` defined at line 499 with NO `@router.*` decorators,"Router = auth context + require_feature + ONE service call + serialization; no DB writes, no business rules (L-2)","File is controller-shaped, not a router; it is not loaded by `main.py:_load_routers()` which only iterates [""customer"", ""supplier"", ""logistics"", ""admin"", ""employee""]",Delete file or convert to proper router with `@router.get/post` decorators and `require_feature` gates,M (2h),P1,5,triangulated,L0,VERIFIED,`git ls modules/finance` returns empty; router is unregistered,tests/architecture/test_import_laws.py,`git revert <commit>`,finance cash-management routes,none,none,yes
ARCH-012,arch,NEW,CLUSTER-ports-namespace-pollution,01_architectural.md,backend/domains/finance/ports.py:595,`from domains.finance.models.finance import *` wildcard import at module top-level,"ports.py is a thin READ surface with explicit function signatures (L-3, L-17)",Wildcard import pollutes ports namespace; callers cannot know what is exposed without reading the model module,Replace wildcard with explicit named imports for each re-exported symbol,S (1h),P2,4,single,L0,VERIFIED,"`python -c ""import domains.finance.ports; print(dir(domains.finance.ports))""` shows only explicit names",tests/domains/finance/test_ports.py,`git revert <commit>`,all cross-domain finance reads,none,none,no
ARCH-013,arch,NEW,CLUSTER-ports-service-locator,01_architectural.md,backend/domains/finance/ports.py:602,`_LAZY_SERVICE_EXPORTS` dict with ~70 entries + `__getattr__` service-locator,ports.py is a thin READ surface; writes go through events.py (L-3),"Service-locator anti-pattern in ports.py turns it into a full service registry, defeating the purpose of a thin port",Replace lazy exports with explicit thin read-wrapper functions in ports.py,L (6h),P2,5,triangulated,L0,VERIFIED,"`python -c ""import domains.finance.ports; print(len(domains.finance.ports._LAZY_SERVICE_EXPORTS))""` returns 0",tests/domains/finance/test_ports.py,`git revert <commit>`,all cross-domain finance reads,none,none,no
ARCH-014,arch,NEW,CLUSTER-events-stub,01_architectural.md,backend/domains/finance/subscribers.py:20,"`_on_payment_confirmed`, `_on_payment_refunded`, `_on_order_completed` subscribers only log; comments say ""Future: post commission accrual...""",Cross-domain writes happen through events.py/subscribers.py (L-3),Subscribers are stub implementations with no actual cross-domain writes; finance does not react to payments/orders events,Implement actual cross-domain write logic in subscribers; ensure events are emitted post-commit,L (4h),P0,5,triangulated,L0,VERIFIED,`pytest tests/domains/finance/test_subscribers.py::test_payment_confirmed_triggers_commission` passes,tests/domains/finance/test_subscribers.py,`git revert <commit>`,"commission accrual, settlement posting",none,none,yes
TECH-001,tech,NEW,CLUSTER-lockfile-empty,02_technological.md,backend/uv.lock:1-7,uv.lock contains only virtual package zozi-backend 0.1.0; no [[package]] entries for dependencies,uv.lock must contain resolved versions for every dependency per uv 0.12.12,uv.lock is empty — no dependencies locked,Run `uv lock` in backend/ to populate uv.lock,M (2h),P0,5,triangulated,L0,VERIFIED,`uv lock && wc -l backend/uv.lock`,tests/architecture/test_import_laws.py,`git checkout -- backend/uv.lock`,"CI, dependency resolution",none,TECH-002,yes
TECH-002,tech,NEW,CLUSTER-lockfile-empty,02_technological.md,backend/pyproject.toml:1-19,pyproject.toml has no [project.dependencies] or [tool.uv] section,pyproject.toml must declare dependencies for uv to resolve,pyproject.toml is missing dependency declarations,Add [project.dependencies] to pyproject.toml with canonical versions,M (2h),P0,5,triangulated,L0,VERIFIED,`uv sync --frozen`,tests/architecture/test_import_laws.py,`git checkout -- backend/pyproject.toml`,dependency management,TECH-001,TECH-003,yes
TECH-003,tech,NEW,CLUSTER-pip-instead-of-uv,02_technological.md,backend/requirements.txt:1,requirements.txt with pip install in Dockerfile and CI,uv 0.12.12 is canonical package manager per TECHNOLOGY_STACK.md §19,Project uses pip/requirements.txt instead of uv,"Migrate to uv: add deps to pyproject.toml, remove requirements.txt",L (8h),P0,5,triangulated,L0,VERIFIED,`uv --version` in backend/,tests/architecture/test_import_laws.py,`git checkout -- backend/requirements.txt`,"build, CI, Docker",TECH-001,TECH-004,yes
TECH-004,tech,NEW,CLUSTER-pip-instead-of-uv,02_technological.md,backend/Dockerfile:1,`pip install --no-cache-dir -r requirements.txt`,`uv pip install` per uv 0.12.12,Dockerfile uses pip instead of uv,Replace pip install with `COPY pyproject.toml uv.lock . && uv sync --frozen --no-dev`,M (2h),P0,5,triangulated,L0,VERIFIED,`docker build -t zozi-backend -f backend/Dockerfile backend/`,tests/architecture/test_import_laws.py,`git checkout -- backend/Dockerfile`,container build,TECH-003,TECH-005,yes
TECH-005,tech,NEW,CLUSTER-pip-instead-of-uv,02_technological.md,.github/workflows/ci.yml:1,`pip install -r backend/requirements.txt`,`uv sync --frozen` per uv 0.12.12,CI uses pip instead of uv,Replace pip install with `uv sync --frozen` in CI workflow,S (1h),P0,5,triangulated,L0,VERIFIED,`git diff .github/workflows/ci.yml`,tests/architecture/test_import_laws.py,`git checkout -- .github/workflows/ci.yml`,CI pipeline,TECH-003,none,yes
TECH-006,boot,NEW,CLUSTER-base-image-drift,02_technological.md,backend/Dockerfile:1,`FROM python:3.11-slim`,`FROM python:3.13-slim` per Python 3.13.x,Base image is Python 3.11 instead of 3.13,Change base image to python:3.13-slim,S (0.5h),P0,5,single,L0,VERIFIED,`docker build -t zozi-backend -f backend/Dockerfile backend/`,tests/architecture/test_import_laws.py,`git checkout -- backend/Dockerfile`,container runtime,none,TECH-007,yes
TECH-007,boot,NEW,CLUSTER-base-image-drift,02_technological.md,backend/Dockerfile:1,`pip install` for dependency installation,`uv pip install` per uv 0.12.12,Dockerfile uses pip instead of uv,Replace pip install with uv,M (2h),P0,5,single,L0,VERIFIED,`docker build -t zozi-backend -f backend/Dockerfile backend/`,tests/architecture/test_import_laws.py,`git checkout -- backend/Dockerfile`,container build,TECH-006,none,yes
TECH-008,tech,NEW,CLUSTER-forbidden-psycopg2,02_technological.md,backend/requirements.txt:1,`psycopg2-binary==2.9.12`,asyncpg==0.31.0 per TECHNOLOGY_STACK.md §2,psycopg2-binary is forbidden; asyncpg is canonical,"Remove psycopg2-binary, replace imports with asyncpg",M (3h),P0,5,triangulated,L0,VERIFIED,"`grep -r psycopg2 backend/ --include=""*.py""`",tests/architecture/test_import_laws.py,`git checkout -- backend/requirements.txt`,database layer,none,TECH-009,yes
TECH-009,tech,NEW,CLUSTER-forbidden-requests,02_technological.md,backend/requirements.txt:1,`requests==2.34.2`,httpx==0.28.1 per TECHNOLOGY_STACK.md §6,requests is forbidden; httpx is canonical,"Remove requests, migrate all imports to httpx",M (3h),P0,5,triangulated,L0,VERIFIED,"`grep -r ""import requests"" backend/ --include=""*.py""`",tests/architecture/test_import_laws.py,`git checkout -- backend/requirements.txt`,HTTP client layer,TECH-008,TECH-010,yes
TECH-010,tech,NEW,CLUSTER-forbidden-requests,02_technological.md,backend/scripts/_debug/_smoke.py:1,"`import requests, json`",httpx per TECHNOLOGY_STACK.md §6,Debug script uses forbidden requests library,Replace import requests with httpx,S (0.5h),P1,5,single,L0,VERIFIED,"`python -c ""import ast; ast.parse(open('backend/scripts/_debug/_smoke.py').read())""`",tests/architecture/test_import_laws.py,`git checkout -- backend/scripts/_debug/_smoke.py`,debug scripts,TECH-009,none,no
TECH-011,tech,NEW,CLUSTER-forbidden-prometheus-client,02_technological.md,backend/requirements.txt:1,`prometheus-client==0.26.0`,prometheus-fastapi-instrumentator==8.1.0+ per TECHNOLOGY_STACK.md §9,Standalone prometheus-client is forbidden,"Remove prometheus-client, use prometheus-fastapi-instrumentator exclusively",M (2h),P0,5,triangulated,L0,VERIFIED,"`grep -r prometheus_client backend/ --include=""*.py""`",tests/architecture/test_import_laws.py,`git checkout -- backend/requirements.txt`,observability,none,TECH-012,yes
TECH-012,tech,NEW,CLUSTER-forbidden-prometheus-client,02_technological.md,backend/infrastructure/valkey/client.py:22,`from prometheus_client import Counter`,prometheus-fastapi-instrumentator per TECHNOLOGY_STACK.md §9,Direct prometheus_client import in production code,Replace with prometheus-fastapi-instrumentator or remove if unused,S (1h),P1,5,single,L0,VERIFIED,"`python -c ""import ast; ast.parse(open('backend/infrastructure/valkey/client.py').read())""`",tests/architecture/test_import_laws.py,`git checkout -- backend/infrastructure/valkey/client.py`,valkey client,TECH-011,none,no
TECH-013,tech,NEW,CLUSTER-forbidden-prometheus-client,02_technological.md,backend/infrastructure/observability/metrics.py:1,"`from prometheus_client import Counter, Histogram, Gauge, REGISTRY`",prometheus-fastapi-instrumentator per TECHNOLOGY_STACK.md §9,Direct prometheus_client import in metrics module,Migrate to prometheus-fastapi-instrumentator,S (1h),P1,5,single,L0,VERIFIED,"`python -c ""import ast; ast.parse(open('backend/infrastructure/observability/metrics.py').read())""`",tests/architecture/test_import_laws.py,`git checkout -- backend/infrastructure/observability/metrics.py`,metrics,TECH-011,none,no
TECH-014,tech,NEW,CLUSTER-forbidden-paypal-sdk,02_technological.md,backend/providers/payments/paypal.py:33,`import paypalrestsdk as _paypal_sdk`,Direct REST via httpx per TECHNOLOGY_STACK.md §6,paypal-payments-sdk is forbidden,Replace with direct REST calls via httpx,M (4h),P0,5,single,L0,VERIFIED,"`python -c ""import ast; ast.parse(open('backend/providers/payments/paypal.py').read())""`",tests/providers/test_payments_providers.py,`git checkout -- backend/providers/payments/paypal.py`,payments,none,TECH-015,yes
TECH-015,tech,NEW,CLUSTER-forbidden-paypal-sdk,02_technological.md,backend/providers/payments/paypal.py:37,`from paypalcheckoutsdk.core import PayPalHttpClient`,Direct REST via httpx per TECHNOLOGY_STACK.md §6,paypal-checkout-sdk is forbidden,Replace with direct REST calls via httpx,M (4h),P0,5,single,L0,VERIFIED,"`python -c ""import ast; ast.parse(open('backend/providers/payments/paypal.py').read())""`",tests/providers/test_payments_providers.py,`git checkout -- backend/providers/payments/paypal.py`,payments,TECH-014,none,yes
TECH-020,tech,NEW,CLUSTER-version-fastapi,02_technological.md,backend/requirements.txt:1,`fastapi==0.115.2`,`0.141.x` per TECHNOLOGY_STACK.md §1,"FastAPI version is 0.115.2, target is 0.141.x",Upgrade fastapi to 0.141.x,M (2h),P0,5,single,L0,VERIFIED,"`python -c ""import fastapi; print(fastapi.__version__)""`",tests/domains/accounts/test_auth.py,`git checkout -- backend/requirements.txt`,web framework,none,TECH-021,yes
TECH-021,tech,NEW,CLUSTER-version-uvicorn,02_technological.md,backend/requirements.txt:1,`uvicorn[standard]==0.51.0`,`0.35.0+` per TECHNOLOGY_STACK.md §1,"Uvicorn version is 0.51.0, target is 0.35.0+",Pin uvicorn to 0.35.0 or upgrade to match target,S (0.5h),P1,5,single,L0,VERIFIED,"`python -c ""import uvicorn; print(uvicorn.__version__)""`",tests/domains/accounts/test_auth.py,`git checkout -- backend/requirements.txt`,ASGI server,TECH-020,none,no
TECH-022,tech,NEW,CLUSTER-version-sqlalchemy,02_technological.md,backend/requirements.txt:1,`sqlalchemy==2.0.51`,`2.0.52` per TECHNOLOGY_STACK.md §2,"SQLAlchemy version is 2.0.51, target is 2.0.52",Upgrade sqlalchemy to 2.0.52,S (0.5h),P1,5,single,L0,VERIFIED,"`python -c ""import sqlalchemy; print(sqlalchemy.__version__)""`",tests/domains/accounts/test_auth.py,`git checkout -- backend/requirements.txt`,ORM,none,TECH-023,no
TECH-023,tech,NEW,CLUSTER-version-alembic,02_technological.md,backend/requirements.txt:1,`alembic==1.18.5`,`1.19.1+` per TECHNOLOGY_STACK.md §2,"Alembic version is 1.18.5, target is 1.19.1+",Upgrade alembic to 1.19.1+,S (0.5h),P1,5,single,L0,VERIFIED,"`python -c ""import alembic; print(alembic.__version__)""`",tests/architecture/test_schema_discipline.py,`git checkout -- backend/requirements.txt`,migrations,none,TECH-024,no
TECH-024,tech,NEW,CLUSTER-version-pydantic-settings,02_technological.md,backend/requirements.txt:1,`pydantic-settings==2.7.1`,`2.9.1+` per TECHNOLOGY_STACK.md §1,"pydantic-settings version is 2.7.1, target is 2.9.1+",Upgrade pydantic-settings to 2.9.1+,S (0.5h),P1,5,single,L0,VERIFIED,"`python -c ""import pydantic_settings; print(pydantic_settings.__version__)""`",tests/architecture/test_import_laws.py,`git checkout -- backend/requirements.txt`,config,none,TECH-025,no
TECH-025,tech,NEW,CLUSTER-version-celery,02_technological.md,backend/requirements.txt:1,`celery==5.4.0`,`5.5+` per TECHNOLOGY_STACK.md §3,"Celery version is 5.4.0, target is 5.5+",Upgrade celery to 5.5+,S (0.5h),P1,5,single,L0,VERIFIED,"`python -c ""import celery; print(celery.__version__)""`",tests/domains/orders/test_cart_checkout.py,`git checkout -- backend/requirements.txt`,jobs,none,TECH-026,no
TECH-026,tech,NEW,CLUSTER-version-stripe,02_technological.md,backend/requirements.txt:1,`stripe==15.3.1`,`15.5.1` per TECHNOLOGY_STACK.md §6,"Stripe SDK version is 15.3.1, target is 15.5.1",Upgrade stripe to 15.5.1,S (0.5h),P1,5,single,L0,VERIFIED,"`python -c ""import stripe; print(stripe.__version__)""`",tests/providers/test_payments_providers.py,`git checkout -- backend/requirements.txt`,payments,none,TECH-027,no
TECH-027,tech,NEW,CLUSTER-version-instrumentator,02_technological.md,backend/requirements.txt:1,`prometheus-fastapi-instrumentator==7.1.0`,`8.1.0+` per TECHNOLOGY_STACK.md §9,"prometheus-fastapi-instrumentator version is 7.1.0, target is 8.1.0+",Upgrade prometheus-fastapi-instrumentator to 8.1.0+,S (0.5h),P1,5,single,L0,VERIFIED,"`python -c ""import prometheus_fastapi_instrumentator; print(prometheus_fastapi_instrumentator.__version__)""`",tests/architecture/test_import_laws.py,`git checkout -- backend/requirements.txt`,observability,none,TECH-028,no
TECH-028,tech,NEW,CLUSTER-version-sentry,02_technological.md,backend/requirements.txt:1,`sentry-sdk==2.66.1`,`2.68.1` per TECHNOLOGY_STACK.md §9,"sentry-sdk version is 2.66.1, target is 2.68.1",Upgrade sentry-sdk to 2.68.1,S (0.5h),P1,5,single,L0,VERIFIED,"`python -c ""import sentry_sdk; print(sentry_sdk.__version__)""`",tests/architecture/test_import_laws.py,`git checkout -- backend/requirements.txt`,observability,none,TECH-029,no
TECH-029,tech,NEW,CLUSTER-version-starlette-unpinned,02_technological.md,backend/requirements.txt:1,`starlette` (unpinned),"`>=1.6.0,<1.7.0` per TECHNOLOGY_STACK.md §1",starlette is unpinned; may resolve to vulnerable version,"Pin starlette to >=1.6.0,<1.7.0",S (0.5h),P1,5,single,L0,VERIFIED,"`python -c ""import starlette; print(starlette.__version__)""`",tests/architecture/test_import_laws.py,`git checkout -- backend/requirements.txt`,ASGI framework,none,TECH-030,no
TECH-030,tech,NEW,CLUSTER-version-starlette-unpinned,02_technological.md,backend/requirements.txt:1,starlette unpinned may resolve to <0.47.2 (CVE-2025-54121) or <0.49.1 (CVE-2025-62727) or <1.1.0 (CVE-2026-48817),">=1.6.0,<1.7.0 per TECHNOLOGY_STACK.md §1",Unpinned starlette may install version with known CVEs,"Pin starlette to >=1.6.0,<1.7.0",S (0.5h),P0,4,single,L1,INFERRED,`pip-audit`,tests/architecture/test_import_laws.py,`git checkout -- backend/requirements.txt`,CVE exposure,TECH-029,none,yes
TECH-031,tech,NEW,CLUSTER-web-version-next,02_technological.md,frontend/web_app/package.json:1,"`""next"": ""16.3.4""`",`16.3.5` per TECHNOLOGY_STACK.md §12,"Next.js version is 16.3.4, target is 16.3.5",Upgrade next to 16.3.5,S (0.5h),P1,5,single,L0,VERIFIED,`cd frontend/web_app && pnpm list next`,tests/frontend/test_next_build.py,`git checkout -- frontend/web_app/package.json`,frontend framework,none,TECH-032,no
TECH-032,tech,NEW,CLUSTER-web-version-stripe,02_technological.md,frontend/web_app/package.json:1,"`""@stripe/react-stripe-js"": ""^5.6.0""`",`6.9.0` per TECHNOLOGY_STACK.md §15,"@stripe/react-stripe-js specifier is ^5.6.0, target is 6.9.0",Upgrade @stripe/react-stripe-js to 6.9.0,S (0.5h),P1,5,single,L0,VERIFIED,`cd frontend/web_app && pnpm list @stripe/react-stripe-js`,tests/frontend/test_stripe_elements.py,`git checkout -- frontend/web_app/package.json`,payments,none,TECH-033,no
TECH-033,tech,NEW,CLUSTER-web-version-framer,02_technological.md,frontend/web_app/package.json:1,"`""framer-motion"": ""^12.0.0""`",`13.2.0+` per TECHNOLOGY_STACK.md §13,"framer-motion specifier is ^12.0.0, target is 13.2.0+",Upgrade framer-motion to 13.2.0+,S (0.5h),P1,5,single,L0,VERIFIED,`cd frontend/web_app && pnpm list framer-motion`,tests/frontend/test_animations.py,`git checkout -- frontend/web_app/package.json`,animations,none,TECH-034,no
TECH-034,tech,NEW,CLUSTER-web-version-react-hook-form,02_technological.md,frontend/web_app/package.json:1,"`""react-hook-form"": ""^7.89.0""`",`7.84.0` per TECHNOLOGY_STACK.md §14,"react-hook-form specifier is ^7.89.0, target is 7.84.0",Pin react-hook-form to 7.84.0,S (0.5h),P1,5,single,L0,VERIFIED,`cd frontend/web_app && pnpm list react-hook-form`,tests/frontend/test_forms.py,`git checkout -- frontend/web_app/package.json`,forms,none,TECH-035,no
TECH-035,tech,NEW,CLUSTER-web-version-zod,02_technological.md,frontend/web_app/package.json:1,"`""zod"": ""^3.25.76""`",`4.3.6` per TECHNOLOGY_STACK.md §14,"zod specifier is ^3.25.76, target is 4.3.6",Upgrade zod to 4.3.6,S (0.5h),P1,5,single,L0,VERIFIED,`cd frontend/web_app && pnpm list zod`,tests/frontend/test_validation.py,`git checkout -- frontend/web_app/package.json`,validation,none,TECH-036,no
TECH-036,tech,NEW,CLUSTER-web-version-zustand,02_technological.md,frontend/web_app/pnpm-lock.yaml:1,`zustand@5.0.15` in lockfile,`5.0.14` per TECHNOLOGY_STACK.md §14,"zustand lockfile version is 5.0.15, target is 5.0.14",Pin zustand to 5.0.14,S (0.5h),P1,5,single,L0,VERIFIED,`cd frontend/web_app && pnpm list zustand`,tests/frontend/test_state.py,`git checkout -- frontend/web_app/pnpm-lock.yaml`,state,none,TECH-037,no
TECH-037,tech,NEW,CLUSTER-web-version-jose,02_technological.md,frontend/web_app/pnpm-lock.yaml:1,`jose@6.2.12` in lockfile,`6.2.10` per TECHNOLOGY_STACK.md §13,"jose lockfile version is 6.2.12, target is 6.2.10",Pin jose to 6.2.10,S (0.5h),P1,5,single,L0,VERIFIED,`cd frontend/web_app && pnpm list jose`,tests/frontend/test_auth.py,`git checkout -- frontend/web_app/pnpm-lock.yaml`,JWT,none,TECH-038,no
TECH-038,tech,NEW,CLUSTER-web-version-tailwind-merge,02_technological.md,frontend/web_app/pnpm-lock.yaml:1,`tailwind-merge@3.7.0` in lockfile,`3.5.0` per TECHNOLOGY_STACK.md §13,"tailwind-merge lockfile version is 3.7.0, target is 3.5.0",Pin tailwind-merge to 3.5.0,S (0.5h),P1,5,single,L0,VERIFIED,`cd frontend/web_app && pnpm list tailwind-merge`,tests/frontend/test_styling.py,`git checkout -- frontend/web_app/pnpm-lock.yaml`,styling,none,TECH-039,no
TECH-039,tech,NEW,CLUSTER-web-missing-packages,02_technological.md,frontend/web_app/package.json:1,next-intl not in dependencies,`4.14.2` per TECHNOLOGY_STACK.md §14,next-intl is missing from package.json,Add next-intl@4.14.2 to dependencies,S (0.5h),P1,5,single,L0,VERIFIED,`cd frontend/web_app && pnpm list next-intl`,tests/frontend/test_i18n.py,`git checkout -- frontend/web_app/package.json`,i18n,none,TECH-040,no
TECH-040,tech,NEW,CLUSTER-web-missing-packages,02_technological.md,frontend/web_app/package.json:1,@sentry/nextjs not in dependencies,`9.x+` per TECHNOLOGY_STACK.md §15,@sentry/nextjs is missing from package.json,Add @sentry/nextjs@9.x to dependencies,S (0.5h),P1,5,single,L0,VERIFIED,`cd frontend/web_app && pnpm list @sentry/nextjs`,tests/frontend/test_error_tracking.py,`git checkout -- frontend/web_app/package.json`,observability,none,TECH-041,no
TECH-041,tech,NEW,CLUSTER-web-missing-packages,02_technological.md,frontend/web_app/package.json:1,sharp not in dependencies,`0.35.4` per TECHNOLOGY_STACK.md §12,sharp is missing from package.json,Add sharp@0.35.4 to dependencies,S (0.5h),P1,5,single,L0,VERIFIED,`cd frontend/web_app && pnpm list sharp`,tests/frontend/test_image_optimization.py,`git checkout -- frontend/web_app/package.json`,images,none,TECH-042,no
TECH-042,tech,NEW,CLUSTER-web-missing-packages,02_technological.md,frontend/web_app/package.json:1,motion (framer-motion) not in dependencies,`13.2.0+` per TECHNOLOGY_STACK.md §13,motion package is missing from package.json,Add motion@13.2.0+ to dependencies,S (0.5h),P2,5,single,L0,VERIFIED,`cd frontend/web_app && pnpm list motion`,tests/frontend/test_animations.py,`git checkout -- frontend/web_app/package.json`,animations,none,TECH-043,no
TECH-043,tech,NEW,CLUSTER-mobile-version-expo,02_technological.md,frontend/mobile_app/package.json:1,"`""expo"": ""~57.0.9""`",`57.0.20+` per TECHNOLOGY_STACK.md §16,"Expo specifier is ~57.0.9, target is 57.0.20+",Upgrade expo to 57.0.20+,S (0.5h),P1,5,single,L0,VERIFIED,`cd frontend/mobile_app && pnpm list expo`,tests/mobile/test_expo_build.py,`git checkout -- frontend/mobile_app/package.json`,mobile framework,none,TECH-044,no
TECH-044,tech,NEW,CLUSTER-mobile-version-expo,02_technological.md,frontend/mobile_app/pnpm-lock.yaml:1,`expo@55.0.27` in lockfile,`57.0.20+` per TECHNOLOGY_STACK.md §16,"Expo lockfile version is 55.0.27, target is 57.0.20+",Upgrade expo to 57.0.20+,S (0.5h),P1,5,single,L0,VERIFIED,`cd frontend/mobile_app && pnpm list expo`,tests/mobile/test_expo_build.py,`git checkout -- frontend/mobile_app/pnpm-lock.yaml`,mobile framework,TECH-043,TECH-045,no
TECH-045,tech,NEW,CLUSTER-mobile-version-react-native,02_technological.md,frontend/mobile_app/package.json:1,"`""react-native"": ""0.81.4""`",`0.86.3` per TECHNOLOGY_STACK.md §16,"React Native version is 0.81.4, target is 0.86.3",Upgrade react-native to 0.86.3,S (0.5h),P1,5,single,L0,VERIFIED,`cd frontend/mobile_app && pnpm list react-native`,tests/mobile/test_native_build.py,`git checkout -- frontend/mobile_app/package.json`,mobile runtime,none,TECH-046,no
TECH-046,tech,NEW,CLUSTER-mobile-version-react-native,02_technological.md,frontend/mobile_app/pnpm-lock.yaml:1,`react-native@0.83.2` in lockfile,`0.86.3` per TECHNOLOGY_STACK.md §16,"React Native lockfile version is 0.83.2, target is 0.86.3",Upgrade react-native to 0.86.3,S (0.5h),P1,5,single,L0,VERIFIED,`cd frontend/mobile_app && pnpm list react-native`,tests/mobile/test_native_build.py,`git checkout -- frontend/mobile_app/pnpm-lock.yaml`,mobile runtime,TECH-045,none,no
TECH-047,tech,NEW,CLUSTER-mobile-missing-packages,02_technological.md,frontend/mobile_app/package.json:1,lucide-react-native not in dependencies,`0.563.0` per TECHNOLOGY_STACK.md §16,lucide-react-native is missing from package.json,Add lucide-react-native@0.563.0 to dependencies,S (0.5h),P1,5,single,L0,VERIFIED,`cd frontend/mobile_app && pnpm list lucide-react-native`,tests/mobile/test_icons.py,`git checkout -- frontend/mobile_app/package.json`,icons,none,TECH-048,no
TECH-048,tech,NEW,CLUSTER-mobile-missing-packages,02_technological.md,frontend/mobile_app/package.json:1,expo-secure-storage not in dependencies,`14.2.3` per TECHNOLOGY_STACK.md §16,expo-secure-storage is missing from package.json,Add expo-secure-storage@14.2.3 to dependencies,S (0.5h),P1,5,single,L0,VERIFIED,`cd frontend/mobile_app && pnpm list expo-secure-storage`,tests/mobile/test_secure_storage.py,`git checkout -- frontend/mobile_app/package.json`,security,none,TECH-049,no
TECH-049,tech,NEW,CLUSTER-mobile-missing-packages,02_technological.md,frontend/mobile_app/package.json:1,react-native-maps not in dependencies,`1.29.0` per TECHNOLOGY_STACK.md §16,react-native-maps is missing from package.json,Add react-native-maps@1.29.0 to dependencies,S (0.5h),P2,5,single,L0,VERIFIED,`cd frontend/mobile_app && pnpm list react-native-maps`,tests/mobile/test_maps.py,`git checkout -- frontend/mobile_app/package.json`,maps,none,TECH-050,no
TECH-050,tech,NEW,CLUSTER-web-package-manager,02_technological.md,frontend/web_app/Dockerfile:1,`npm ci --legacy-peer-deps` and `npm run build`,`pnpm install --frozen-lockfile` per TECHNOLOGY_STACK.md §12,Frontend Dockerfile uses npm instead of pnpm,Replace npm with pnpm in Dockerfile,S (1h),P0,5,single,L0,VERIFIED,`docker build -t zozi-frontend -f frontend/web_app/Dockerfile frontend/`,tests/architecture/test_import_laws.py,`git checkout -- frontend/web_app/Dockerfile`,container build,none,TECH-051,yes
TECH-053,infra,NEW,CLUSTER-sbom-absent,02_technological.md,_audit/,No SBOM files in repository,SBOM artifact per TECHNOLOGY_STACK.md §11,No SBOM files present in _audit/ or repository,Generate SBOM with Syft and store in _audit/sbom/,S (1h),P1,5,single,L0,VERIFIED,`ls _audit/sbom/`,tests/architecture/test_import_laws.py,`rm -rf _audit/sbom/`,supply chain,TECH-052,none,no
LOGIC-001,logic,NEW,CLUSTER-float-money,03_logical.md,backend/domains/finance/services/finance_service.py:66,`CodRemittanceRequest.amount: float`,Decimal/Numeric for all monetary values (Law 19),Float used for COD remittance amount — introduces rounding errors in financial settlement,"Change type to `Decimal` with `Field(..., ge=0)`",S (0.5h),P0,5,multiple,L0,VERIFIED,`pytest tests/domains/finance/test_finance_service.py`,tests/domains/finance/test_finance_service.py::test_cod_remittance_decimal,`git revert <commit>`,"F-003, F-012, CHAIN-003",none,LOGIC-002,yes
LOGIC-002,logic,NEW,CLUSTER-float-money,03_logical.md,backend/domains/finance/services/finance_service.py:576-593,"`reconcile_in_multi_currency(amount: float, ...)` uses `round(amount * fx, 2)` with float arithmetic","Decimal arithmetic with `quantize(Decimal(""0.01""))` (Law 19)",Float parameter and float multiplication produce rounding drift in multi-currency reconciliation — financial loss at scale,"Change signature to `amount: Decimal`, use `Decimal(str(amount)) * rate` then `quantize`",S (0.5h),P0,5,multiple,L0,VERIFIED,`pytest tests/domains/finance/test_fx_revaluation.py`,tests/domains/finance/test_fx_revaluation.py::test_reconcile_multi_currency_decimal,`git revert <commit>`,"F-003, CHAIN-005",none,LOGIC-001,yes
LOGIC-003,logic,NEW,CLUSTER-return-type-leak,03_logical.md,backend/domains/orders/services/orders_service.py:329-331,`_order_to_dict` converts `Decimal` to `float` via `val = float(val)`,Serialize Decimal as `str` or keep as `Decimal` in JSON (Law 89),Internal Decimal type leaked to API response as float — consumers lose precision; violates serialization law,Return `str(val)` for Decimal fields or use Pydantic `Json` encoder,S (1h),P1,5,multiple,L0,VERIFIED,`pytest tests/domains/orders/test_orders_service.py`,tests/domains/orders/test_orders_service.py::test_order_dict_serializes_decimal,`git revert <commit>`,"F-012, F-015",none,LOGIC-004,partial
OPS-001,infra,NEW,CLUSTER-health-no-fail-closed,04_operational.md,backend/main.py:149-182,`/health/deps` returns 200 with dependency dict even when DB/Valkey/email/payments are down,"`/health/deps` must return 503 (or equivalent non-200) when any critical dependency is down, matching `/health/ready` behavior",`/health/deps` never fails closed; always returns HTTP 200 regardless of dependency health,Add `status_code=503` to `JSONResponse` when any critical dep status is `failed`/`unavailable`,S (1h),P0,5,triangulated,L0,VERIFIED,`curl -f http://localhost:8000/health/deps` returns 200 when DB down,`tests/observability/test_health_checks.py::test_health_deps_fails_closed_when_db_down`,`git revert <commit>`,"F-004, CHAIN-005",none,OPS-002,yes
OPS-002,infra,NEW,CLUSTER-no-ci-cd,04_operational.md,N/A,No `.github/workflows/` directory; no CI/CD pipeline exists,"CI/CD pipeline with pre-deploy migration step, health-check gate, and rollback trigger per ARCHITECTURE_STACK.md L-217/L-219",Zero CI/CD automation; migrations and rollback are manual only,"Create `.github/workflows/deploy.yml` with pre-deploy `alembic upgrade head`, `/health/ready` gate, and rollback on failure",L (8h),P0,5,triangulated,L0,VERIFIED,`ls .github/workflows/` returns deployment workflow,`test_ci_cd_pipeline.py` (new),`git revert <commit>`,CHAIN-001 through CHAIN-007,none,OPS-010,yes
OPS-003,docs,NEW,CLUSTER-no-ci-cd,04_operational.md,docs/runbooks/: directory exists,"5 runbooks exist (slow DB, backend errors, API latency, DB pool, Sentry)","Runbooks per alert including deployment, rollback, and incident response per ARCHITECTURE_STACK.md L-248","Missing deployment, rollback, and migration-on-deploy runbooks","Create `docs/runbooks/deployment.md`, `docs/runbooks/rollback.md`, `docs/runbooks/migration_on_deploy.md`",M (3h),P1,5,single,L0,VERIFIED,`ls docs/runbooks/deployment.md docs/runbooks/rollback.md`,`test_runbooks_exist.py` (new),`git revert <commit>`,CHAIN-005,OPS-002,OPS-010,no
OPS-004,infra,NEW,CLUSTER-raw-os-getenv-flags,04_operational.md,backend/providers/payments/config.py:42-138,"Raw `os.getenv(""STRIPE_SECRET_KEY"")`, `os.getenv(""TAP_SECRET_KEY"")`, etc. in payment provider config",All feature flags and config values read via typed pydantic-settings `Settings` object per PROMPT_FORENSIC_AUDIT.md §7.4,Payment provider config bypasses typed settings; reads env vars directly via `os.getenv()`,Refactor `providers/payments/config.py` to accept `settings: Settings` and use `settings.stripe_secret_key` etc.,M (3h),P1,5,triangulated,L0,VERIFIED,"`grep -rn ""os.getenv"" backend/providers/payments/config.py` returns zero matches",`tests/providers/test_payment_config.py::test_no_raw_os_getenv`,`git revert <commit>`,"F-006, F-007, F-008",OPS-005,none,no
OPS-005,infra,NEW,CLUSTER-raw-os-getenv-flags,04_operational.md,backend/providers/geography/geo.py:144-146,"Raw `os.getenv(""LOCATION_HTTP_TIMEOUT"")`, `os.getenv(""LOCATION_CACHE_TTL"")`, `os.getenv(""LOCATION_USER_AGENT"")`",All config via typed pydantic-settings,Geography provider bypasses typed settings with raw `os.getenv()`,"Refactor `providers/geography/geo.py` to use `settings.location_http_timeout`, `settings.location_cache_ttl`, `settings.location_user_agent`",S (1h),P1,5,single,L0,VERIFIED,"`grep -rn ""os.getenv"" backend/providers/geography/geo.py` returns zero matches",`tests/providers/test_geo_provider.py::test_no_raw_os_getenv`,`git revert <commit>`,F-009,OPS-004,none,no
OPS-006,infra,NEW,CLUSTER-raw-os-getenv-flags,04_operational.md,backend/providers/comms/sms.py:38-46,"Raw `os.getenv(""SMS_MODE"")`, `os.getenv(""SMS_SERIAL_PORT"")`, `os.getenv(""SMS_SERIAL_BAUD"")`",All config via typed pydantic-settings,SMS provider bypasses typed settings with raw `os.getenv()`,"Refactor `providers/comms/sms.py` to use `settings.sms_mode`, `settings.sms_serial_port`, `settings.sms_serial_baud`",S (1h),P1,5,single,L0,VERIFIED,"`grep -rn ""os.getenv"" backend/providers/comms/sms.py` returns zero matches",`tests/providers/test_sms_provider.py::test_no_raw_os_getenv`,`git revert <commit>`,F-010,OPS-004,none,no
OPS-008,infra,NEW,CLUSTER-health-missing-r2,04_operational.md,backend/main.py:106-146,"`/health` checks only `database` and `valkey` deps; `/health/deps` checks DB, Valkey, email, payments, error_tracking, circuit_breakers","Health checks include R2 (`r2_bucket`, `r2_endpoint_url`) as a critical dependency per TECHNOLOGY_STACK.md (R2 is a production storage backend)",R2/storage backend is not checked in any health endpoint; media uploads would fail silently if R2 is down,"Add R2 health check (`r2_bucket` reachable, list operation) to `/health` and `/health/deps` endpoints",M (2h),P2,4,single,L0,VERIFIED,`curl /health/deps` shows `storage`/`r2` key with status,`tests/observability/test_health_checks.py::test_health_checks_r2`,`git revert <commit>`,"F-011, CHAIN-005",OPS-001,none,no
OPS-009,infra,NEW,,04_operational.md,backend/infrastructure/observability/logging_config.py:138-142,"`RotatingFileHandler` with `maxBytes=10MB`, `backupCount=5` — rotates by size only","Log rotation also enforces `log_retention_days` (config.py:292, default=30) via `TimedRotatingFileHandler` or manual cleanup","Size-based rotation only; `log_retention_days` setting is defined but never applied, so old logs can accumulate beyond 30 days","Replace `RotatingFileHandler` with `TimedRotatingFileHandler(when='midnight', backupCount=30)` or add daily cleanup job",S (1h),P2,4,single,L0,VERIFIED,Log files older than 30 days are absent after 30+ days of runtime,`tests/infrastructure/test_logging_config.py::test_log_retention_enforced`,`git revert <commit>`,CHAIN-005,none,none,no
OPS-010,infra,NEW,,04_operational.md,backend/jobs/celery_app.py:86-88; docker-compose.prod.yml:54-84,"Celery retry config uses `retry_backoff=True`, `retry_backoff_max=300` globally; no per-task concurrency limit beyond `worker_concurrency=4`","Per-task `rate_limit` and `concurrency_limit` annotations for money/payment tasks (payouts, reconciliation) to prevent concurrent payout sweeps from overdrawing",Payout and reconciliation tasks lack per-task concurrency limits; concurrent Celery workers could run duplicate payout sweeps simultaneously,Add `task_annotations` with `rate_limit` and `concurrency_limit` for `tasks.periodic_tasks.run_auto_payout_sweep` and `tasks.reconciliation_cron.run_reconciliation_cron`,M (2h),P3,4,single,L0,VERIFIED,"`grep -A5 ""run_auto_payout_sweep"" backend/jobs/celery_app.py` shows no annotation",`tests/jobs/test_celery_config.py::test_payout_task_concurrency_limit`,`git revert <commit>`,"F-012, CHAIN-002",OPS-002,none,no
DB-001,db,NEW,CLUSTER-migration-divergent,06_database.md,backend/alembic/versions/*,"5 divergent migration heads (`20260930_0002`, `20260930_0003`, `20260930_0006`, `20260930_0007`, `20261001_0001`)",Exactly one head (`alembic heads` returns one revision),Migration history has 5 heads instead of one linear chain,Merge all 5 heads into single linear chain via new merge migration,L (8h),P0,5,triangulated,L0,VERIFIED,`alembic heads` returns exactly one revision,tests/architecture/test_migration_linearity.py,Revert merge migration,"F-001, F-002, CHAIN-001",none,DB-002,yes
CONTRAD-001,arch,NEW,CLUSTER-extra-layer,07_CONTRADICTIONS.md,backend/modules/finance/__init__.py:1,`modules/finance/` directory exists with `routers/cash_management.py`,"5 fixed modules: admin, customer, employee, logistics, supplier (L-13)","Finance is a domain, not a module; a 6th module violates Law 13",Delete `modules/finance/`; move any legitimate routes to `modules/admin/routers/finance.py`,M (2h),P0,5,triangulated,L0,VERIFIED,`git ls modules/finance` returns empty,tests/architecture/test_import_laws.py,`git revert <commit>`,"F-003, F-012",none,ARCH-014,yes
CONTRAD-002,arch,NEW,CLUSTER-extra-layer,07_CONTRADICTIONS.md,backend/domains/payments/__init__.py:1,"`domains/payments/` directory exists with models, services, ports, events, subscribers","15 fixed domains: accounts, analytics, audit, catalog, comms, country, customers, finance, governance, hr, logistics, orders, promotions, security, suppliers (L-12)","Payments is a provider concern, not a domain; `providers/payments/` is the canonical location",Delete `domains/payments/`; consolidate into `providers/payments/` and `domains/finance/services/payments/`,L (8h),P0,5,triangulated,L0,VERIFIED,`git ls domains/payments` returns empty,tests/architecture/test_schema_discipline.py,`git revert <commit>`,"F-003, F-012",none,ARCH-014,yes
CONTRAD-003,arch,NEW,CLUSTER-extra-layer,07_CONTRADICTIONS.md,backend/domains/media/,"`domains/media/` structured as full domain package (models, schemas, services, events, features, ports, subscribers)",Canonical explicitly states `media` has no dedicated domain (ARCHITECTURE_STACK.md:354),16th domain violates Law 12; blurs Postgres schema vs domain boundary,Add `media` as 16th canonical domain (requires ARCHITECTURE_STACK.md update) or demote to schema-level package outside `domains/`,L (4h),P1,5,triangulated,L0,VERIFIED,`ls backend/domains/media` shows removal or promotion,tests/architecture/test_schema_discipline.py,`git revert <commit>`,"F-003, F-012",none,ARCH-014,partial
CONTRAD-004,arch,NEW,CLUSTER-extra-layer,07_CONTRADICTIONS.md,"backend/providers/news/, backend/providers/automation/, backend/providers/scanner/, backend/providers/voice/, backend/providers/analytics/",Five provider packages exist not in canonical provider tree,"Canonical providers: ai, barcode, bg_removal, comms, finance, geography, image, ocr, payments, qr, security, shipping, storage, async_workers, _base.py (L-9/L-16)",Five extra providers violate Law 9/16; may bypass circuit-breaker/retry conventions,Document the five providers in ARCHITECTURE_STACK.md or remove if unused scaffolding,S (1h),P2,5,triangulated,L0,VERIFIED,`ls backend/providers/` shows only canonical dirs,tests/architecture/test_provider_laws.py,`git revert <commit>`,provider import surface,none,none,no
CONTRAD-005,tech,NEW,CLUSTER-deps-mismatch,07_CONTRADICTIONS.md,backend/requirements.txt:8,`fastapi==0.115.2`,FastAPI 0.141.x (TECHNOLOGY_STACK.md:23),25+ minor versions behind; missing security fixes and behavioral changes,Bump FastAPI to 0.141.x or update TECHNOLOGY_STACK.md to match installed version,M (2h),P0,5,triangulated,L0,VERIFIED,`pip show fastapi` shows 0.141.x,tests/security/test_dependency_versions.py,`pip install fastapi==0.115.2`,"F-001, F-002",none,none,yes
CONTRAD-006,tech,NEW,CLUSTER-deps-mismatch,07_CONTRADICTIONS.md,backend/requirements.txt:9,`uvicorn[standard]==0.51.0`,Uvicorn 0.35.0+ with uvloop 0.21.0 and httptools 0.7.0 (TECHNOLOGY_STACK.md:25-27),Locked 0.51.0 is newer than floor but uvloop/httptools absent; behavior drift in HTTP/WebSocket handling,Pin Uvicorn in TECHNOLOGY_STACK.md to installed version or validate 0.51.0 against middleware contract,S (1h),P1,5,triangulated,L0,VERIFIED,`pip show uvicorn uvloop httptools`,tests/security/test_dependency_versions.py,`pip install uvicorn==0.51.0`,F-001,none,none,partial
CONTRAD-007,tech,NEW,CLUSTER-deps-mismatch,07_CONTRADICTIONS.md,backend/requirements.txt:15,`alembic==1.18.5`,"Alembic 1.19.1+ (TECHNOLOGY_STACK.md:45, L-49)",One minor version below canonical floor; may lack migration autogenerate fixes for 77-migration codebase,Bump Alembic to 1.19.1+,S (0.5h),P1,5,triangulated,L0,VERIFIED,`pip show alembic` shows 1.19.1+,tests/security/test_dependency_versions.py,`pip install alembic==1.18.5`,F-003,none,none,partial
CONTRAD-008,tech,NEW,CLUSTER-deps-mismatch,07_CONTRADICTIONS.md,backend/requirements.txt:40,`pydantic-settings==2.7.1`,pydantic-settings 2.9.1+ (TECHNOLOGY_STACK.md:31),Two minor versions below floor; may lack env-prefix fixes used by config.py,Bump pydantic-settings to 2.9.1+,S (0.5h),P1,5,triangulated,L0,VERIFIED,`pip show pydantic-settings` shows 2.9.1+,tests/security/test_dependency_versions.py,`pip install pydantic-settings==2.7.1`,F-001,none,none,partial
CONTRAD-009,tech,NEW,CLUSTER-deps-mismatch,07_CONTRADICTIONS.md,backend/requirements.txt:63,`prometheus-fastapi-instrumentator==7.1.0`,prometheus-fastapi-instrumentator 8.1.0+ (TECHNOLOGY_STACK.md:136),One major version below floor; missing metrics buckets and FastAPI compatibility patches,Bump to 8.1.0+ or update TECHNOLOGY_STACK.md,S (1h),P1,5,triangulated,L0,VERIFIED,`pip show prometheus-fastapi-instrumentator` shows 8.1.0+,tests/security/test_dependency_versions.py,`pip install prometheus-fastapi-instrumentator==7.1.0`,F-004,none,none,partial
CONTRAD-010,tech,NEW,CLUSTER-deps-mismatch,07_CONTRADICTIONS.md,backend/requirements.txt:61,`sentry-sdk==2.66.1` (no [fastapi] extra),sentry-sdk[fastapi] 2.68.1 (TECHNOLOGY_STACK.md:134),Two patch versions below; missing [fastapi] extra for request-id breadcrumbs and route error handling,Install `sentry-sdk[fastapi]==2.68.1`,S (0.5h),P1,5,triangulated,L0,VERIFIED,`pip show sentry-sdk` shows 2.68.1 with fastapi extra,tests/security/test_dependency_versions.py,`pip install sentry-sdk==2.66.1`,F-004,none,none,partial
CONTRAD-011,tech,NEW,CLUSTER-deps-mismatch,07_CONTRADICTIONS.md,backend/requirements.txt:91,`stripe==15.3.1`,stripe 15.5.1 (TECHNOLOGY_STACK.md:99),Two patch versions below; may miss payment-method or webhook signature fixes,Bump stripe to 15.5.1,S (0.5h),P1,5,triangulated,L0,VERIFIED,`pip show stripe` shows 15.5.1,tests/security/test_dependency_versions.py,`pip install stripe==15.3.1`,F-003,none,none,partial
CONTRAD-012,tech,NEW,CLUSTER-deps-mismatch,07_CONTRADICTIONS.md,backend/requirements.txt:48,`python-magic==0.4.27` (forbidden),puremagic 2.2.0 (TECHNOLOGY_STACK.md:72); `python-magic` is forbidden,Forbidden package present; introduces libmagic CVE surface; violates approved MIME-type stack,Replace `python-magic==0.4.27` with `puremagic==2.2.0` in requirements.txt,S (1h),P2,5,triangulated,L0,VERIFIED,`pip show puremagic` shows 2.2.0; `pip show python-magic` returns not installed,tests/security/test_dependency_versions.py,`pip install python-magic==0.4.27`,F-001,none,none,no
CONTRAD-013,tech,NEW,CLUSTER-deps-mismatch,07_CONTRADICTIONS.md,backend/requirements.txt:17,`psycopg2-binary==2.9.12` (forbidden),asyncpg only; psycopg/psycopg2 forbidden in production (TECHNOLOGY_STACK.md:43),Forbidden driver adds to image; violates asyncpg-only database policy,Remove `psycopg2-binary==2.9.12` from requirements.txt,S (0.5h),P2,5,triangulated,L0,VERIFIED,`pip show psycopg2-binary` returns not installed,tests/security/test_dependency_versions.py,`pip install psycopg2-binary==2.9.12`,F-003,none,none,no
CONTRAD-014,tech,NEW,CLUSTER-deps-mismatch,07_CONTRADICTIONS.md,"backend/requirements.txt:79,80",`pytz==2026.3.post1` and `tzlocal==5.4.4` (both forbidden),zoneinfo-stdlib only; pytz/tzlocal forbidden (TECHNOLOGY_STACK.md:123),Two forbidden timezone libraries locked; may shadow stdlib behavior,Remove `pytz` and `tzlocal` from requirements.txt,S (0.5h),P2,5,triangulated,L0,VERIFIED,`pip show pytz` and `pip show tzlocal` return not installed,tests/security/test_dependency_versions.py,`pip install pytz==2026.3.post1 tzlocal==5.4.4`,F-001,none,none,no
CONTRAD-015,tech,NEW,CLUSTER-deps-mismatch,07_CONTRADICTIONS.md,backend/requirements.txt:36,`requests==2.34.2` (forbidden),httpx async client only; `requests` forbidden (TECHNOLOGY_STACK.md:98),Forbidden sync HTTP client present; risk of blocking event loop if imported in async code,Remove `requests==2.34.2` from requirements.txt,S (0.5h),P2,5,triangulated,L0,VERIFIED,`pip show requests` returns not installed,tests/security/test_dependency_versions.py,`pip install requests==2.34.2`,F-001,none,none,no
CONTRAD-016,build,NEW,CLUSTER-package-mismatch,07_CONTRADICTIONS.md,backend/requirements.txt:73-74,`slowapi==0.1.10` and `limits==5.8.0` in requirements.txt,fastapi-limiter-valkey latest stable (TECHNOLOGY_STACK.md:89),Canonical rate limiter imported in production (`infrastructure/security/rate_limiter.py:24`) but absent from pinned requirements; slowapi/limits replace the canonical package,Replace `slowapi==0.1.10` and `limits==5.8.0` with `fastapi-limiter-valkey` in requirements.txt,M (2h),P0,5,triangulated,L0,VERIFIED,`pip show fastapi-limiter-valkey` shows installed version,tests/security/test_dependency_versions.py,`git revert <commit>`,"F-003, F-012, WIRE-001",none,none,yes
CONTRAD-017,tech,NEW,CLUSTER-deps-mismatch,07_CONTRADICTIONS.md,backend/requirements.txt:1-102,`uvloop` and `httptools` not listed in requirements.txt,uvloop 0.21.0 and httptools 0.7.0 (TECHNOLOGY_STACK.md:26-27),Canonical Uvicorn dependencies absent; Uvicorn may fall back to stdlib asyncio and pure-Python HTTP parsing,Add `uvloop==0.21.0` and `httptools==0.7.0` to requirements.txt,S (1h),P2,5,triangulated,L0,VERIFIED,`pip show uvloop httptools` shows both installed,tests/security/test_dependency_versions.py,`git revert <commit>`,F-001,none,none,no
CONTRAD-018,tech,NEW,CLUSTER-deps-mismatch,07_CONTRADICTIONS.md,backend/requirements.txt:1-102,`pybreaker` not listed in requirements.txt,pybreaker 1.4.1 (TECHNOLOGY_STACK.md:90),Canonical circuit-breaker library absent; provider calls lack documented circuit-breaker wrapper,Add `pybreaker==1.4.1` to requirements.txt,S (1h),P1,5,triangulated,L0,VERIFIED,`pip show pybreaker` shows 1.4.1,tests/security/test_dependency_versions.py,`git revert <commit>`,F-003,none,none,partial
CONTRAD-019,config,NEW,CLUSTER-config-drift,07_CONTRADICTIONS.md,backend/config.py:279,"`default_country: str = Field(default=""AE"")`",DEFAULT_COUNTRY default US (TECHNOLOGY_STACK.md:392),"Code defaults to UAE while canonical default is US; affects RLS session context, localization, and tax rules for non-UAE deployments",Align config.py default to US or update TECHNOLOGY_STACK.md to reflect AE market focus,S (0.5h),P1,5,triangulated,L0,VERIFIED,"`python -c ""from config import settings; print(settings.default_country)""` outputs US",tests/domains/country/test_config.py,`git revert <commit>`,"F-001, F-003, F-012",none,none,partial
CONTRAD-020,config,NEW,CLUSTER-config-drift,07_CONTRADICTIONS.md,backend/config.py:204-205,`vat_rate: float = Field(default=0.0)` and `zozi_commission_rate: float = Field(default=0.1)`,"Decimal/Numeric for all monetary values; Float FORBIDDEN for money (ARCHITECTURE_STACK.md:546, Law 19)",Money-related config values typed as float in typed settings; violates Law 19; rounding errors in VAT and commission calculations,Change `vat_rate` and `zozi_commission_rate` to `Decimal` in config.py and remove from `_FLOAT_KEYS`,S (0.5h),P0,5,triangulated,L0,VERIFIED,"`python -c ""from config import Settings; print(Settings.model_fields['vat_rate'].annotation)""` prints Decimal",tests/domains/finance/test_config_money.py,`git revert <commit>`,"F-003, F-012, LOGIC-001",none,none,yes
CONTRAD-030,docs,NEW,CLUSTER-dev-env-drift,07_CONTRADICTIONS.md,backend/Dockerfile:1,`FROM python:3.11-slim`,Python 3.13.x (TECHNOLOGY_STACK.md:22),Dev Dockerfile uses Python 3.11 while canonical requires 3.13.x; local dev environment diverges from prod,Update `backend/Dockerfile` base image to `python:3.13-slim`,S (0.5h),P1,5,triangulated,L0,VERIFIED,`docker run --rm backend:dev python --version` shows 3.13.x,tests/deployment/test_dockerfile.py,`git revert <commit>`,F-001,none,none,partial
CONTRAD-034,arch,NEW,CLUSTER-extra-layer,07_CONTRADICTIONS.md,backend/modules/employee/routers/hr.py:1,"Both `hr.py` (file) and `hr/` (package directory) exist in `modules/employee/routers/`; Python resolves import to the package, shadowing the `.py` file","5 modules: admin, customer, employee, logistics, supplier; no standalone `hr` module (ARCHITECTURE_STACK.md:539)","`hr.py` file is unreachable; any code expecting the module file will import the package instead, causing attribute errors or silent misbehavior",Remove the orphaned `hr.py` file; consolidate all HR router code into the `hr/` package,S (0.5h),P0,5,triangulated,L0,VERIFIED,`ls backend/modules/employee/routers/hr.py` returns not found,tests/architecture/test_import_laws.py,`git revert <commit>`,F-003,none,none,yes
CONTRAD-035,tech,NEW,CLUSTER-deps-mismatch,07_CONTRADICTIONS.md,backend/requirements.txt:14,`sqlalchemy==2.0.51`,"SQLAlchemy 2.0.52 (TECHNOLOGY_STACK.md:44, L-49)",One patch version below canonical; may lack ORM query-planning or async-session fixes,Bump SQLAlchemy to 2.0.52,S (0.5h),P2,5,triangulated,L0,VERIFIED,`pip show sqlalchemy` shows 2.0.52,tests/security/test_dependency_versions.py,`pip install sqlalchemy==2.0.51`,F-003,none,none,no
CONTRAD-036,build,NEW,CLUSTER-package-mismatch,07_CONTRADICTIONS.md,backend/requirements.txt:1-102,`fastapi-limiter-valkey` not listed in requirements.txt,"fastapi-limiter-valkey latest stable (TECHNOLOGY_STACK.md:89, L-49)","Canonical rate-limiter package imported in production (`infrastructure/security/rate_limiter.py:24`) but absent from pinned requirements; Docker builds and `pip install -r requirements.txt` will not install it, causing `ImportError` at startup",Add `fastapi-limiter-valkey` to requirements.txt,S (0.5h),P0,5,triangulated,L0,VERIFIED,`grep fastapi-limiter-valkey backend/requirements.txt` shows entry,tests/security/test_dependency_versions.py,`git revert <commit>`,"F-003, F-012, WIRE-001",none,none,yes
TF-001,db,NEW,,07_tables_fields.md,backend/alembic/versions/2026_08_06_0001_add_analytics_audit_columns.py,"alembic current shows 5 heads: 20260930_0002, 20260930_0003,",Linear migration history with single head,Multiple alembic heads (5 heads) + load failure,Merge 5 heads into 1,M,P0,5,triangulated,L1,VERIFIED,`alembic heads` returns single head,test_migration_linear,Revert failed migration,"CI/CD, deployment",none,,yes
TF-002,db,NEW,,07_tables_fields.md,:,Table exists in DB but has no matching model in domains/*/mo,Model exists in domains/*/models/ mapping to this table,Table in DB has no ORM model,Create model class in appropriate domain,M,P1,5,triangulated,L1,VERIFIED,Verify column exists,Apply migration,Revert migration,Domain data,none,,yes
TF-003,db,NEW,,07_tables_fields.md,:,Table exists in DB but has no matching model in domains/*/mo,Model exists in domains/*/models/ mapping to this table,Table in DB has no ORM model,Create model class in appropriate domain,M,P1,5,triangulated,L1,VERIFIED,Verify column exists,Apply migration,Revert migration,Domain data,none,,yes
TF-004,db,NEW,,07_tables_fields.md,:,Table exists in DB but has no matching model in domains/*/mo,Model exists in domains/*/models/ mapping to this table,Table in DB has no ORM model,Create model class in appropriate domain,M,P1,5,triangulated,L1,VERIFIED,Verify column exists,Apply migration,Revert migration,Domain data,none,,yes
TF-005,db,NEW,,07_tables_fields.md,:,Table exists in DB but has no matching model in domains/*/mo,Model exists in domains/*/models/ mapping to this table,Table in DB has no ORM model,Create model class in appropriate domain,M,P1,5,triangulated,L1,VERIFIED,Verify column exists,Apply migration,Revert migration,Domain data,none,,yes
TF-006,db,NEW,,07_tables_fields.md,:,Table exists in DB but has no matching model in domains/*/mo,Model exists in domains/*/models/ mapping to this table,Table in DB has no ORM model,Create model class in appropriate domain,M,P1,5,triangulated,L1,VERIFIED,Verify column exists,Apply migration,Revert migration,Domain data,none,,yes
TF-007,db,NEW,,07_tables_fields.md,:,Table exists in DB but has no matching model in domains/*/mo,Model exists in domains/*/models/ mapping to this table,Table in DB has no ORM model,Create model class in appropriate domain,M,P1,5,triangulated,L1,VERIFIED,Verify column exists,Apply migration,Revert migration,Domain data,none,,yes
TF-008,db,NEW,,07_tables_fields.md,:,Table exists in DB but has no matching model in domains/*/mo,Model exists in domains/*/models/ mapping to this table,Table in DB has no ORM model,Create model class in appropriate domain,M,P1,5,triangulated,L1,VERIFIED,Verify column exists,Apply migration,Revert migration,Domain data,none,,yes
TF-009,db,NEW,,07_tables_fields.md,:,Table exists in DB but has no matching model in domains/*/mo,Model exists in domains/*/models/ mapping to this table,Table in DB has no ORM model,Create model class in appropriate domain,M,P1,5,triangulated,L1,VERIFIED,Verify column exists,Apply migration,Revert migration,Domain data,none,,yes
TF-010,db,NEW,,07_tables_fields.md,:,Table exists in DB but has no matching model in domains/*/mo,Model exists in domains/*/models/ mapping to this table,Table in DB has no ORM model,Create model class in appropriate domain,M,P1,5,triangulated,L1,VERIFIED,Verify column exists,Apply migration,Revert migration,Domain data,none,,yes
TF-011,db,NEW,,07_tables_fields.md,:,Table exists in DB but has no matching model in domains/*/mo,Model exists in domains/*/models/ mapping to this table,Table in DB has no ORM model,Create model class in appropriate domain,M,P1,5,triangulated,L1,VERIFIED,Verify column exists,Apply migration,Revert migration,Domain data,none,,yes
TF-012,db,NEW,,07_tables_fields.md,:,Table exists in DB but has no matching model in domains/*/mo,Model exists in domains/*/models/ mapping to this table,Table in DB has no ORM model,Create model class in appropriate domain,M,P1,5,triangulated,L1,VERIFIED,Verify column exists,Apply migration,Revert migration,Domain data,none,,yes
TF-013,db,NEW,,07_tables_fields.md,:,Table exists in DB but has no matching model in domains/*/mo,Model exists in domains/*/models/ mapping to this table,Table in DB has no ORM model,Create model class in appropriate domain,M,P1,5,triangulated,L1,VERIFIED,Verify column exists,Apply migration,Revert migration,Domain data,none,,yes
TF-014,db,NEW,,07_tables_fields.md,:,Table exists in DB but has no matching model in domains/*/mo,Model exists in domains/*/models/ mapping to this table,Table in DB has no ORM model,Create model class in appropriate domain,M,P1,5,triangulated,L1,VERIFIED,Verify column exists,Apply migration,Revert migration,Domain data,none,,yes
TF-015,db,NEW,,07_tables_fields.md,:,Table exists in DB but has no matching model in domains/*/mo,Model exists in domains/*/models/ mapping to this table,Table in DB has no ORM model,Create model class in appropriate domain,M,P1,5,triangulated,L1,VERIFIED,Verify column exists,Apply migration,Revert migration,Domain data,none,,yes
TF-016,db,NEW,,07_tables_fields.md,:,Model in backend\domains\hr\models\employee_models.py:531 ha,"__table_args__ = {""schema"": ""<domain>""}",Model missing schema declaration,Add schema to __table_args__,M,P1,5,triangulated,L1,VERIFIED,Verify column exists,Apply migration,Revert migration,Domain data,none,,yes
TF-017,db,NEW,,07_tables_fields.md,:,Model in backend\domains\hr\models\employee_models.py:560 ha,"__table_args__ = {""schema"": ""<domain>""}",Model missing schema declaration,Add schema to __table_args__,M,P1,5,triangulated,L1,VERIFIED,Verify column exists,Apply migration,Revert migration,Domain data,none,,yes
TF-018,db,NEW,,07_tables_fields.md,backend\domains\media\models\media_asset.py:9,Model exists but table not found in live database,Table exists in live database,Model declared but migration not applied,Apply pending Alembic migration,M,P1,5,triangulated,L1,VERIFIED,Verify column exists,Apply migration,Revert migration,Domain data,none,,yes
TF-019,db,NEW,,07_tables_fields.md,backend\domains\media\models\media_asset.py:24,Model exists but table not found in live database,Table exists in live database,Model declared but migration not applied,Apply pending Alembic migration,M,P1,5,triangulated,L1,VERIFIED,Verify column exists,Apply migration,Revert migration,Domain data,none,,yes
TF-020,db,NEW,,07_tables_fields.md,backend\domains\accounts\models\onboarding.py:15,Column 'status' exists in DB but not in model (type: charact,All DB columns represented in model,DB column not in model,Add column to model or remove from DB,M,P2,5,triangulated,L1,VERIFIED,Verify column exists,Apply migration,Revert migration,Domain data,none,,no
TF-021,db,NEW,,07_tables_fields.md,backend\domains\accounts\models\onboarding.py:15,Column 'pipeline_status' in model but not in live DB,All model columns exist in live DB,Schema drift: model column not in DB,Apply migration to add missing column,M,P1,5,triangulated,L1,VERIFIED,Verify column exists,Apply migration,Revert migration,Domain data,none,,yes
TF-022,db,NEW,,07_tables_fields.md,backend\domains\accounts\models\onboarding.py:38,Column 'status' exists in DB but not in model (type: charact,All DB columns represented in model,DB column not in model,Add column to model or remove from DB,M,P2,5,triangulated,L1,VERIFIED,Verify column exists,Apply migration,Revert migration,Domain data,none,,no
TF-023,db,NEW,,07_tables_fields.md,backend\domains\accounts\models\onboarding.py:38,Column 'step_status' in model but not in live DB,All model columns exist in live DB,Schema drift: model column not in DB,Apply migration to add missing column,M,P1,5,triangulated,L1,VERIFIED,Verify column exists,Apply migration,Revert migration,Domain data,none,,yes
TF-024,db,NEW,,07_tables_fields.md,backend\domains\accounts\models\user.py:25,Column 'referral_code' exists in DB but not in model (type:,All DB columns represented in model,DB column not in model,Add column to model or remove from DB,M,P2,5,triangulated,L1,VERIFIED,Verify column exists,Apply migration,Revert migration,Domain data,none,,no
TF-025,db,NEW,,07_tables_fields.md,backend\domains\accounts\models\user.py:25,Column 'referral_points' exists in DB but not in model (type,All DB columns represented in model,DB column not in model,Add column to model or remove from DB,M,P2,5,triangulated,L1,VERIFIED,Verify column exists,Apply migration,Revert migration,Domain data,none,,no
TF-026,db,NEW,,07_tables_fields.md,backend\domains\accounts\models\user.py:25,Column 'phone' exists in DB but not in model (type: characte,All DB columns represented in model,DB column not in model,Add column to model or remove from DB,M,P2,5,triangulated,L1,VERIFIED,Verify column exists,Apply migration,Revert migration,Domain data,none,,no
TF-027,db,NEW,,07_tables_fields.md,backend\domains\catalog\models\upload_job.py:62,created_at missing server_default=func.now() (Law 21),server_default=func.now() for timestamps,Using Python-side default instead of DB-side,Change to server_default=func.now(),M,P2,5,triangulated,L1,VERIFIED,Verify column exists,Apply migration,Revert migration,Domain data,none,,no
TF-028,db,NEW,,07_tables_fields.md,backend\domains\catalog\models\products.py:135,Column 'created_by_id' exists in DB but not in model (type:,All DB columns represented in model,DB column not in model,Add column to model or remove from DB,M,P2,5,triangulated,L1,VERIFIED,Verify column exists,Apply migration,Revert migration,Domain data,none,,no
TF-029,db,NEW,,07_tables_fields.md,backend\domains\catalog\models\products.py:135,Column 'updated_by_id' exists in DB but not in model (type:,All DB columns represented in model,DB column not in model,Add column to model or remove from DB,M,P2,5,triangulated,L1,VERIFIED,Verify column exists,Apply migration,Revert migration,Domain data,none,,no
TF-030,db,NEW,,07_tables_fields.md,backend\domains\catalog\models\products.py:135,Column 'deleted_by_id' exists in DB but not in model (type:,All DB columns represented in model,DB column not in model,Add column to model or remove from DB,M,P2,5,triangulated,L1,VERIFIED,Verify column exists,Apply migration,Revert migration,Domain data,none,,no
TF-031,db,NEW,,07_tables_fields.md,backend\domains\comms\models\communication.py:60,created_at missing server_default=func.now() (Law 21),server_default=func.now() for timestamps,Using Python-side default instead of DB-side,Change to server_default=func.now(),M,P2,5,triangulated,L1,VERIFIED,Verify column exists,Apply migration,Revert migration,Domain data,none,,no
TF-032,db,NEW,,07_tables_fields.md,backend\domains\comms\models\communication.py:60,"User-facing table missing country_code column (Law 5, 20)",country_code String(2) column on every user-facing table,Table missing country_code for RLS scoping,Add country_code column via migration,M,P1,5,triangulated,L1,VERIFIED,Verify column exists,Apply migration,Revert migration,Domain data,none,,yes
TF-033,db,NEW,,07_tables_fields.md,backend\domains\comms\models\marketing.py:119,created_at missing server_default=func.now() (Law 21),server_default=func.now() for timestamps,Using Python-side default instead of DB-side,Change to server_default=func.now(),M,P2,5,triangulated,L1,VERIFIED,Verify column exists,Apply migration,Revert migration,Domain data,none,,no
TF-034,db,NEW,,07_tables_fields.md,backend\domains\comms\models\marketing.py:119,"User-facing table missing country_code column (Law 5, 20)",country_code String(2) column on every user-facing table,Table missing country_code for RLS scoping,Add country_code column via migration,M,P1,5,triangulated,L1,VERIFIED,Verify column exists,Apply migration,Revert migration,Domain data,none,,yes
TF-035,db,NEW,,07_tables_fields.md,backend\domains\comms\models\communication.py:359,"User-facing table missing country_code column (Law 5, 20)",country_code String(2) column on every user-facing table,Table missing country_code for RLS scoping,Add country_code column via migration,M,P1,5,triangulated,L1,VERIFIED,Verify column exists,Apply migration,Revert migration,Domain data,none,,yes
TF-036,db,NEW,,07_tables_fields.md,backend\domains\comms\models\communication.py:341,"User-facing table missing country_code column (Law 5, 20)",country_code String(2) column on every user-facing table,Table missing country_code for RLS scoping,Add country_code column via migration,M,P1,5,triangulated,L1,VERIFIED,Verify column exists,Apply migration,Revert migration,Domain data,none,,yes
TF-037,db,NEW,,07_tables_fields.md,backend\domains\comms\models\communication.py:247,created_at missing server_default=func.now() (Law 21),server_default=func.now() for timestamps,Using Python-side default instead of DB-side,Change to server_default=func.now(),M,P2,5,triangulated,L1,VERIFIED,Verify column exists,Apply migration,Revert migration,Domain data,none,,no
TF-038,db,NEW,,07_tables_fields.md,backend\domains\comms\models\communication.py:247,"User-facing table missing country_code column (Law 5, 20)",country_code String(2) column on every user-facing table,Table missing country_code for RLS scoping,Add country_code column via migration,M,P1,5,triangulated,L1,VERIFIED,Verify column exists,Apply migration,Revert migration,Domain data,none,,yes
TF-039,db,NEW,,07_tables_fields.md,backend\domains\comms\models\chat.py:155,created_at missing server_default=func.now() (Law 21),server_default=func.now() for timestamps,Using Python-side default instead of DB-side,Change to server_default=func.now(),M,P2,5,triangulated,L1,VERIFIED,Verify column exists,Apply migration,Revert migration,Domain data,none,,no
TF-040,db,NEW,,07_tables_fields.md,backend\domains\comms\models\chat.py:155,Model missing updated_at column,updated_at with server_default=func.now(),Audit column missing,Add updated_at column,M,P2,5,triangulated,L1,VERIFIED,Verify column exists,Apply migration,Revert migration,Domain data,none,,no
TF-041,db,NEW,,07_tables_fields.md,backend\domains\comms\models\chat.py:75,created_at missing server_default=func.now() (Law 21),server_default=func.now() for timestamps,Using Python-side default instead of DB-side,Change to server_default=func.now(),M,P2,5,triangulated,L1,VERIFIED,Verify column exists,Apply migration,Revert migration,Domain data,none,,no
TF-042,db,NEW,,07_tables_fields.md,backend\domains\comms\models\marketing.py:99,created_at missing server_default=func.now() (Law 21),server_default=func.now() for timestamps,Using Python-side default instead of DB-side,Change to server_default=func.now(),M,P2,5,triangulated,L1,VERIFIED,Verify column exists,Apply migration,Revert migration,Domain data,none,,no
TF-043,db,NEW,,07_tables_fields.md,backend\domains\comms\models\marketing.py:99,"User-facing table missing country_code column (Law 5, 20)",country_code String(2) column on every user-facing table,Table missing country_code for RLS scoping,Add country_code column via migration,M,P1,5,triangulated,L1,VERIFIED,Verify column exists,Apply migration,Revert migration,Domain data,none,,yes
TF-044,db,NEW,,07_tables_fields.md,backend\domains\comms\models\marketing.py:39,created_at missing server_default=func.now() (Law 21),server_default=func.now() for timestamps,Using Python-side default instead of DB-side,Change to server_default=func.now(),M,P2,5,triangulated,L1,VERIFIED,Verify column exists,Apply migration,Revert migration,Domain data,none,,no
TF-045,db,NEW,,07_tables_fields.md,backend\domains\comms\models\marketing.py:39,"User-facing table missing country_code column (Law 5, 20)",country_code String(2) column on every user-facing table,Table missing country_code for RLS scoping,Add country_code column via migration,M,P1,5,triangulated,L1,VERIFIED,Verify column exists,Apply migration,Revert migration,Domain data,none,,yes
TF-046,db,NEW,,07_tables_fields.md,backend\domains\comms\models\marketing.py:144,created_at missing server_default=func.now() (Law 21),server_default=func.now() for timestamps,Using Python-side default instead of DB-side,Change to server_default=func.now(),M,P2,5,triangulated,L1,VERIFIED,Verify column exists,Apply migration,Revert migration,Domain data,none,,no
TF-047,db,NEW,,07_tables_fields.md,backend\domains\comms\models\marketing.py:144,"User-facing table missing country_code column (Law 5, 20)",country_code String(2) column on every user-facing table,Table missing country_code for RLS scoping,Add country_code column via migration,M,P1,5,triangulated,L1,VERIFIED,Verify column exists,Apply migration,Revert migration,Domain data,none,,yes
TF-048,db,NEW,,07_tables_fields.md,backend\domains\comms\models\communication.py:410,created_at missing server_default=func.now() (Law 21),server_default=func.now() for timestamps,Using Python-side default instead of DB-side,Change to server_default=func.now(),M,P2,5,triangulated,L1,VERIFIED,Verify column exists,Apply migration,Revert migration,Domain data,none,,no
TF-049,db,NEW,,07_tables_fields.md,backend\domains\comms\models\communication.py:410,"User-facing table missing country_code column (Law 5, 20)",country_code String(2) column on every user-facing table,Table missing country_code for RLS scoping,Add country_code column via migration,M,P1,5,triangulated,L1,VERIFIED,Verify column exists,Apply migration,Revert migration,Domain data,none,,yes
TF-050,db,NEW,,07_tables_fields.md,backend\domains\comms\models\marketing.py:185,"User-facing table missing country_code column (Law 5, 20)",country_code String(2) column on every user-facing table,Table missing country_code for RLS scoping,Add country_code column via migration,M,P1,5,triangulated,L1,VERIFIED,Verify column exists,Apply migration,Revert migration,Domain data,none,,yes
TF-051,db,NEW,,07_tables_fields.md,backend\domains\comms\models\marketing.py:163,created_at missing server_default=func.now() (Law 21),server_default=func.now() for timestamps,Using Python-side default instead of DB-side,Change to server_default=func.now(),M,P2,5,triangulated,L1,VERIFIED,Verify column exists,Apply migration,Revert migration,Domain data,none,,no
TF-052,db,NEW,,07_tables_fields.md,backend\domains\comms\models\marketing.py:163,"User-facing table missing country_code column (Law 5, 20)",country_code String(2) column on every user-facing table,Table missing country_code for RLS scoping,Add country_code column via migration,M,P1,5,triangulated,L1,VERIFIED,Verify column exists,Apply migration,Revert migration,Domain data,none,,yes
TF-053,db,NEW,,07_tables_fields.md,backend\domains\comms\models\marketing.py:65,created_at missing server_default=func.now() (Law 21),server_default=func.now() for timestamps,Using Python-side default instead of DB-side,Change to server_default=func.now(),M,P2,5,triangulated,L1,VERIFIED,Verify column exists,Apply migration,Revert migration,Domain data,none,,no
TF-054,db,NEW,,07_tables_fields.md,backend\domains\comms\models\marketing.py:65,"User-facing table missing country_code column (Law 5, 20)",country_code String(2) column on every user-facing table,Table missing country_code for RLS scoping,Add country_code column via migration,M,P1,5,triangulated,L1,VERIFIED,Verify column exists,Apply migration,Revert migration,Domain data,none,,yes
TF-055,db,NEW,,07_tables_fields.md,backend\domains\comms\models\communication.py:208,created_at missing server_default=func.now() (Law 21),server_default=func.now() for timestamps,Using Python-side default instead of DB-side,Change to server_default=func.now(),M,P2,5,triangulated,L1,VERIFIED,Verify column exists,Apply migration,Revert migration,Domain data,none,,no
TF-056,db,NEW,,07_tables_fields.md,backend\domains\comms\models\chat.py:124,created_at missing server_default=func.now() (Law 21),server_default=func.now() for timestamps,Using Python-side default instead of DB-side,Change to server_default=func.now(),M,P2,5,triangulated,L1,VERIFIED,Verify column exists,Apply migration,Revert migration,Domain data,none,,no
TF-057,db,NEW,,07_tables_fields.md,backend\domains\comms\models\chat.py:124,Model missing updated_at column,updated_at with server_default=func.now(),Audit column missing,Add updated_at column,M,P2,5,triangulated,L1,VERIFIED,Verify column exists,Apply migration,Revert migration,Domain data,none,,no
TF-058,db,NEW,,07_tables_fields.md,backend\domains\comms\models\chat.py:124,"User-facing table missing country_code column (Law 5, 20)",country_code String(2) column on every user-facing table,Table missing country_code for RLS scoping,Add country_code column via migration,M,P1,5,triangulated,L1,VERIFIED,Verify column exists,Apply migration,Revert migration,Domain data,none,,yes
TF-059,db,NEW,,07_tables_fields.md,backend\domains\comms\models\chat.py:19,created_at missing server_default=func.now() (Law 21),server_default=func.now() for timestamps,Using Python-side default instead of DB-side,Change to server_default=func.now(),M,P2,5,triangulated,L1,VERIFIED,Verify column exists,Apply migration,Revert migration,Domain data,none,,no
TF-060,db,NEW,,07_tables_fields.md,backend\domains\comms\models\chat.py:19,"User-facing table missing country_code column (Law 5, 20)",country_code String(2) column on every user-facing table,Table missing country_code for RLS scoping,Add country_code column via migration,M,P1,5,triangulated,L1,VERIFIED,Verify column exists,Apply migration,Revert migration,Domain data,none,,yes
TF-061,db,NEW,,07_tables_fields.md,backend\domains\comms\models\chat.py:104,created_at missing server_default=func.now() (Law 21),server_default=func.now() for timestamps,Using Python-side default instead of DB-side,Change to server_default=func.now(),M,P2,5,triangulated,L1,VERIFIED,Verify column exists,Apply migration,Revert migration,Domain data,none,,no
TF-062,db,NEW,,07_tables_fields.md,backend\domains\comms\models\chat.py:104,Model missing updated_at column,updated_at with server_default=func.now(),Audit column missing,Add updated_at column,M,P2,5,triangulated,L1,VERIFIED,Verify column exists,Apply migration,Revert migration,Domain data,none,,no
TF-063,db,NEW,,07_tables_fields.md,backend\domains\comms\models\chat.py:104,"User-facing table missing country_code column (Law 5, 20)",country_code String(2) column on every user-facing table,Table missing country_code for RLS scoping,Add country_code column via migration,M,P1,5,triangulated,L1,VERIFIED,Verify column exists,Apply migration,Revert migration,Domain data,none,,yes
TF-064,db,NEW,,07_tables_fields.md,backend\domains\comms\models\communication_schema_models.py:115,created_at missing server_default=func.now() (Law 21),server_default=func.now() for timestamps,Using Python-side default instead of DB-side,Change to server_default=func.now(),M,P2,5,triangulated,L1,VERIFIED,Verify column exists,Apply migration,Revert migration,Domain data,none,,no
TF-065,db,NEW,,07_tables_fields.md,backend\domains\comms\models\communication_schema_models.py:115,Column 'updated_at' in model but not in live DB,All model columns exist in live DB,Schema drift: model column not in DB,Apply migration to add missing column,M,P1,5,triangulated,L1,VERIFIED,Verify column exists,Apply migration,Revert migration,Domain data,none,,yes
TF-066,db,NEW,,07_tables_fields.md,backend\domains\comms\models\communication_schema_models.py:115,Column 'is_deleted' in model but not in live DB,All model columns exist in live DB,Schema drift: model column not in DB,Apply migration to add missing column,M,P1,5,triangulated,L1,VERIFIED,Verify column exists,Apply migration,Revert migration,Domain data,none,,yes
TF-067,db,NEW,,07_tables_fields.md,backend\domains\comms\models\communication.py:227,"User-facing table missing country_code column (Law 5, 20)",country_code String(2) column on every user-facing table,Table missing country_code for RLS scoping,Add country_code column via migration,M,P1,5,triangulated,L1,VERIFIED,Verify column exists,Apply migration,Revert migration,Domain data,none,,yes
TF-068,db,NEW,,07_tables_fields.md,backend\domains\comms\models\communication.py:79,created_at missing server_default=func.now() (Law 21),server_default=func.now() for timestamps,Using Python-side default instead of DB-side,Change to server_default=func.now(),M,P2,5,triangulated,L1,VERIFIED,Verify column exists,Apply migration,Revert migration,Domain data,none,,no
TF-069,db,NEW,,07_tables_fields.md,backend\domains\comms\models\communication.py:79,"User-facing table missing country_code column (Law 5, 20)",country_code String(2) column on every user-facing table,Table missing country_code for RLS scoping,Add country_code column via migration,M,P1,5,triangulated,L1,VERIFIED,Verify column exists,Apply migration,Revert migration,Domain data,none,,yes
TF-070,db,NEW,,07_tables_fields.md,backend\domains\comms\models\chat.py:91,Model missing created_at column,created_at with server_default=func.now(),Audit column missing,Add created_at column,M,P2,5,triangulated,L1,VERIFIED,Verify column exists,Apply migration,Revert migration,Domain data,none,,no
TF-071,db,NEW,,07_tables_fields.md,backend\domains\comms\models\chat.py:91,Model missing updated_at column,updated_at with server_default=func.now(),Audit column missing,Add updated_at column,M,P2,5,triangulated,L1,VERIFIED,Verify column exists,Apply migration,Revert migration,Domain data,none,,no
TF-072,db,NEW,,07_tables_fields.md,backend\domains\comms\models\chat.py:91,"User-facing table missing country_code column (Law 5, 20)",country_code String(2) column on every user-facing table,Table missing country_code for RLS scoping,Add country_code column via migration,M,P1,5,triangulated,L1,VERIFIED,Verify column exists,Apply migration,Revert migration,Domain data,none,,yes
TF-073,db,NEW,,07_tables_fields.md,backend\domains\comms\models\chat.py:188,created_at missing server_default=func.now() (Law 21),server_default=func.now() for timestamps,Using Python-side default instead of DB-side,Change to server_default=func.now(),M,P2,5,triangulated,L1,VERIFIED,Verify column exists,Apply migration,Revert migration,Domain data,none,,no
TF-074,db,NEW,,07_tables_fields.md,backend\domains\comms\models\chat.py:188,"User-facing table missing country_code column (Law 5, 20)",country_code String(2) column on every user-facing table,Table missing country_code for RLS scoping,Add country_code column via migration,M,P1,5,triangulated,L1,VERIFIED,Verify column exists,Apply migration,Revert migration,Domain data,none,,yes
TF-075,db,NEW,,07_tables_fields.md,backend\domains\comms\models\chat.py:188,Column 'updated_at' in model but not in live DB,All model columns exist in live DB,Schema drift: model column not in DB,Apply migration to add missing column,M,P1,5,triangulated,L1,VERIFIED,Verify column exists,Apply migration,Revert migration,Domain data,none,,yes
TF-076,db,NEW,,07_tables_fields.md,backend\domains\comms\models\chat.py:171,created_at missing server_default=func.now() (Law 21),server_default=func.now() for timestamps,Using Python-side default instead of DB-side,Change to server_default=func.now(),M,P2,5,triangulated,L1,VERIFIED,Verify column exists,Apply migration,Revert migration,Domain data,none,,no
TF-077,db,NEW,,07_tables_fields.md,backend\domains\comms\models\communication.py:96,created_at missing server_default=func.now() (Law 21),server_default=func.now() for timestamps,Using Python-side default instead of DB-side,Change to server_default=func.now(),M,P2,5,triangulated,L1,VERIFIED,Verify column exists,Apply migration,Revert migration,Domain data,none,,no
TF-078,db,NEW,,07_tables_fields.md,backend\domains\comms\models\communication.py:96,"User-facing table missing country_code column (Law 5, 20)",country_code String(2) column on every user-facing table,Table missing country_code for RLS scoping,Add country_code column via migration,M,P1,5,triangulated,L1,VERIFIED,Verify column exists,Apply migration,Revert migration,Domain data,none,,yes
TF-079,db,NEW,,07_tables_fields.md,backend\domains\comms\models\incident.py:45,"User-facing table missing country_code column (Law 5, 20)",country_code String(2) column on every user-facing table,Table missing country_code for RLS scoping,Add country_code column via migration,M,P1,5,triangulated,L1,VERIFIED,Verify column exists,Apply migration,Revert migration,Domain data,none,,yes
TF-080,db,NEW,,07_tables_fields.md,backend\domains\comms\models\incident.py:31,"User-facing table missing country_code column (Law 5, 20)",country_code String(2) column on every user-facing table,Table missing country_code for RLS scoping,Add country_code column via migration,M,P1,5,triangulated,L1,VERIFIED,Verify column exists,Apply migration,Revert migration,Domain data,none,,yes
TF-081,db,NEW,,07_tables_fields.md,backend\domains\comms\models\incident.py:11,Model missing created_at column,created_at with server_default=func.now(),Audit column missing,Add created_at column,M,P2,5,triangulated,L1,VERIFIED,Verify column exists,Apply migration,Revert migration,Domain data,none,,no
TF-082,db,NEW,,07_tables_fields.md,backend\domains\comms\models\incident.py:11,"User-facing table missing country_code column (Law 5, 20)",country_code String(2) column on every user-facing table,Table missing country_code for RLS scoping,Add country_code column via migration,M,P1,5,triangulated,L1,VERIFIED,Verify column exists,Apply migration,Revert migration,Domain data,none,,yes
TF-083,db,NEW,,07_tables_fields.md,backend\domains\comms\models\communication.py:299,"User-facing table missing country_code column (Law 5, 20)",country_code String(2) column on every user-facing table,Table missing country_code for RLS scoping,Add country_code column via migration,M,P1,5,triangulated,L1,VERIFIED,Verify column exists,Apply migration,Revert migration,Domain data,none,,yes
TF-084,db,NEW,,07_tables_fields.md,backend\domains\comms\models\communication.py:384,created_at missing server_default=func.now() (Law 21),server_default=func.now() for timestamps,Using Python-side default instead of DB-side,Change to server_default=func.now(),M,P2,5,triangulated,L1,VERIFIED,Verify column exists,Apply migration,Revert migration,Domain data,none,,no
TF-085,db,NEW,,07_tables_fields.md,backend\domains\comms\models\communication.py:384,"User-facing table missing country_code column (Law 5, 20)",country_code String(2) column on every user-facing table,Table missing country_code for RLS scoping,Add country_code column via migration,M,P1,5,triangulated,L1,VERIFIED,Verify column exists,Apply migration,Revert migration,Domain data,none,,yes
TF-086,db,NEW,,07_tables_fields.md,backend\domains\comms\models\communication.py:319,created_at missing server_default=func.now() (Law 21),server_default=func.now() for timestamps,Using Python-side default instead of DB-side,Change to server_default=func.now(),M,P2,5,triangulated,L1,VERIFIED,Verify column exists,Apply migration,Revert migration,Domain data,none,,no
TF-087,db,NEW,,07_tables_fields.md,backend\domains\comms\models\communication.py:319,"User-facing table missing country_code column (Law 5, 20)",country_code String(2) column on every user-facing table,Table missing country_code for RLS scoping,Add country_code column via migration,M,P1,5,triangulated,L1,VERIFIED,Verify column exists,Apply migration,Revert migration,Domain data,none,,yes
TF-088,db,NEW,,07_tables_fields.md,backend\domains\comms\models\communication_schema_models.py:99,created_at missing server_default=func.now() (Law 21),server_default=func.now() for timestamps,Using Python-side default instead of DB-side,Change to server_default=func.now(),M,P2,5,triangulated,L1,VERIFIED,Verify column exists,Apply migration,Revert migration,Domain data,none,,no
TF-089,db,NEW,,07_tables_fields.md,backend\domains\comms\models\communication_schema_models.py:99,Column 'updated_at' in model but not in live DB,All model columns exist in live DB,Schema drift: model column not in DB,Apply migration to add missing column,M,P1,5,triangulated,L1,VERIFIED,Verify column exists,Apply migration,Revert migration,Domain data,none,,yes
TF-090,db,NEW,,07_tables_fields.md,backend\domains\comms\models\communication_schema_models.py:99,Column 'is_deleted' in model but not in live DB,All model columns exist in live DB,Schema drift: model column not in DB,Apply migration to add missing column,M,P1,5,triangulated,L1,VERIFIED,Verify column exists,Apply migration,Revert migration,Domain data,none,,yes
TF-091,db,NEW,,07_tables_fields.md,backend\domains\comms\models\communication.py:429,created_at missing server_default=func.now() (Law 21),server_default=func.now() for timestamps,Using Python-side default instead of DB-side,Change to server_default=func.now(),M,P2,5,triangulated,L1,VERIFIED,Verify column exists,Apply migration,Revert migration,Domain data,none,,no
TF-092,db,NEW,,07_tables_fields.md,backend\domains\comms\models\communication.py:429,"User-facing table missing country_code column (Law 5, 20)",country_code String(2) column on every user-facing table,Table missing country_code for RLS scoping,Add country_code column via migration,M,P1,5,triangulated,L1,VERIFIED,Verify column exists,Apply migration,Revert migration,Domain data,none,,yes
TF-093,db,NEW,,07_tables_fields.md,backend\domains\comms\models\fraud.py:12,"User-facing table missing country_code column (Law 5, 20)",country_code String(2) column on every user-facing table,Table missing country_code for RLS scoping,Add country_code column via migration,M,P1,5,triangulated,L1,VERIFIED,Verify column exists,Apply migration,Revert migration,Domain data,none,,yes
TF-094,db,NEW,,07_tables_fields.md,backend\domains\comms\models\message.py:23,created_at missing server_default=func.now() (Law 21),server_default=func.now() for timestamps,Using Python-side default instead of DB-side,Change to server_default=func.now(),M,P2,5,triangulated,L1,VERIFIED,Verify column exists,Apply migration,Revert migration,Domain data,none,,no
TF-095,db,NEW,,07_tables_fields.md,backend\domains\comms\models\news.py:18,created_at missing server_default=func.now() (Law 21),server_default=func.now() for timestamps,Using Python-side default instead of DB-side,Change to server_default=func.now(),M,P2,5,triangulated,L1,VERIFIED,Verify column exists,Apply migration,Revert migration,Domain data,none,,no
TF-096,db,NEW,,07_tables_fields.md,backend\domains\comms\models\communication_schema_models.py:83,created_at missing server_default=func.now() (Law 21),server_default=func.now() for timestamps,Using Python-side default instead of DB-side,Change to server_default=func.now(),M,P2,5,triangulated,L1,VERIFIED,Verify column exists,Apply migration,Revert migration,Domain data,none,,no
TF-097,db,NEW,,07_tables_fields.md,backend\domains\comms\models\communication_schema_models.py:83,Column 'updated_at' in model but not in live DB,All model columns exist in live DB,Schema drift: model column not in DB,Apply migration to add missing column,M,P1,5,triangulated,L1,VERIFIED,Verify column exists,Apply migration,Revert migration,Domain data,none,,yes
TF-098,db,NEW,,07_tables_fields.md,backend\domains\comms\models\communication_schema_models.py:83,Column 'is_deleted' in model but not in live DB,All model columns exist in live DB,Schema drift: model column not in DB,Apply migration to add missing column,M,P1,5,triangulated,L1,VERIFIED,Verify column exists,Apply migration,Revert migration,Domain data,none,,yes
TF-099,db,NEW,,07_tables_fields.md,backend\domains\comms\models\marketing.py:84,created_at missing server_default=func.now() (Law 21),server_default=func.now() for timestamps,Using Python-side default instead of DB-side,Change to server_default=func.now(),M,P2,5,triangulated,L1,VERIFIED,Verify column exists,Apply migration,Revert migration,Domain data,none,,no
TF-100,db,NEW,,07_tables_fields.md,backend\domains\comms\models\marketing.py:84,"User-facing table missing country_code column (Law 5, 20)",country_code String(2) column on every user-facing table,Table missing country_code for RLS scoping,Add country_code column via migration,M,P1,5,triangulated,L1,VERIFIED,Verify column exists,Apply migration,Revert migration,Domain data,none,,yes
TF-101,db,NEW,,07_tables_fields.md,backend\domains\comms\models\communication.py:13,created_at missing server_default=func.now() (Law 21),server_default=func.now() for timestamps,Using Python-side default instead of DB-side,Change to server_default=func.now(),M,P2,5,triangulated,L1,VERIFIED,Verify column exists,Apply migration,Revert migration,Domain data,none,,no
TF-102,db,NEW,,07_tables_fields.md,backend\domains\comms\models\communication.py:13,"User-facing table missing country_code column (Law 5, 20)",country_code String(2) column on every user-facing table,Table missing country_code for RLS scoping,Add country_code column via migration,M,P1,5,triangulated,L1,VERIFIED,Verify column exists,Apply migration,Revert migration,Domain data,none,,yes
TF-103,db,NEW,,07_tables_fields.md,backend\domains\comms\models\communication.py:182,"User-facing table missing country_code column (Law 5, 20)",country_code String(2) column on every user-facing table,Table missing country_code for RLS scoping,Add country_code column via migration,M,P1,5,triangulated,L1,VERIFIED,Verify column exists,Apply migration,Revert migration,Domain data,none,,yes
TF-104,db,NEW,,07_tables_fields.md,backend\domains\comms\models\communication.py:112,"User-facing table missing country_code column (Law 5, 20)",country_code String(2) column on every user-facing table,Table missing country_code for RLS scoping,Add country_code column via migration,M,P1,5,triangulated,L1,VERIFIED,Verify column exists,Apply migration,Revert migration,Domain data,none,,yes
TF-105,db,NEW,,07_tables_fields.md,backend\domains\comms\models\communication.py:158,created_at missing server_default=func.now() (Law 21),server_default=func.now() for timestamps,Using Python-side default instead of DB-side,Change to server_default=func.now(),M,P2,5,triangulated,L1,VERIFIED,Verify column exists,Apply migration,Revert migration,Domain data,none,,no
TF-106,db,NEW,,07_tables_fields.md,backend\domains\comms\models\communication.py:158,"User-facing table missing country_code column (Law 5, 20)",country_code String(2) column on every user-facing table,Table missing country_code for RLS scoping,Add country_code column via migration,M,P1,5,triangulated,L1,VERIFIED,Verify column exists,Apply migration,Revert migration,Domain data,none,,yes
TF-107,db,NEW,,07_tables_fields.md,backend\domains\comms\models\communication.py:133,"User-facing table missing country_code column (Law 5, 20)",country_code String(2) column on every user-facing table,Table missing country_code for RLS scoping,Add country_code column via migration,M,P1,5,triangulated,L1,VERIFIED,Verify column exists,Apply migration,Revert migration,Domain data,none,,yes
TF-108,db,NEW,,07_tables_fields.md,backend\domains\comms\models\communication_schema_models.py:53,created_at missing server_default=func.now() (Law 21),server_default=func.now() for timestamps,Using Python-side default instead of DB-side,Change to server_default=func.now(),M,P2,5,triangulated,L1,VERIFIED,Verify column exists,Apply migration,Revert migration,Domain data,none,,no
TF-109,db,NEW,,07_tables_fields.md,backend\domains\comms\models\communication_schema_models.py:53,Column 'updated_at' in model but not in live DB,All model columns exist in live DB,Schema drift: model column not in DB,Apply migration to add missing column,M,P1,5,triangulated,L1,VERIFIED,Verify column exists,Apply migration,Revert migration,Domain data,none,,yes
TF-110,db,NEW,,07_tables_fields.md,backend\domains\comms\models\communication_schema_models.py:53,Column 'is_deleted' in model but not in live DB,All model columns exist in live DB,Schema drift: model column not in DB,Apply migration to add missing column,M,P1,5,triangulated,L1,VERIFIED,Verify column exists,Apply migration,Revert migration,Domain data,none,,yes
TF-111,db,NEW,,07_tables_fields.md,backend\domains\comms\models\communication_schema_models.py:36,created_at missing server_default=func.now() (Law 21),server_default=func.now() for timestamps,Using Python-side default instead of DB-side,Change to server_default=func.now(),M,P2,5,triangulated,L1,VERIFIED,Verify column exists,Apply migration,Revert migration,Domain data,none,,no
TF-112,db,NEW,,07_tables_fields.md,backend\domains\comms\models\communication_schema_models.py:68,created_at missing server_default=func.now() (Law 21),server_default=func.now() for timestamps,Using Python-side default instead of DB-side,Change to server_default=func.now(),M,P2,5,triangulated,L1,VERIFIED,Verify column exists,Apply migration,Revert migration,Domain data,none,,no
TF-113,db,NEW,,07_tables_fields.md,backend\domains\comms\models\communication_schema_models.py:68,Column 'updated_at' in model but not in live DB,All model columns exist in live DB,Schema drift: model column not in DB,Apply migration to add missing column,M,P1,5,triangulated,L1,VERIFIED,Verify column exists,Apply migration,Revert migration,Domain data,none,,yes
TF-114,db,NEW,,07_tables_fields.md,backend\domains\comms\models\communication_schema_models.py:68,Column 'is_deleted' in model but not in live DB,All model columns exist in live DB,Schema drift: model column not in DB,Apply migration to add missing column,M,P1,5,triangulated,L1,VERIFIED,Verify column exists,Apply migration,Revert migration,Domain data,none,,yes
TF-115,db,NEW,,07_tables_fields.md,backend\domains\comms\models\communication.py:40,created_at missing server_default=func.now() (Law 21),server_default=func.now() for timestamps,Using Python-side default instead of DB-side,Change to server_default=func.now(),M,P2,5,triangulated,L1,VERIFIED,Verify column exists,Apply migration,Revert migration,Domain data,none,,no
TF-116,db,NEW,,07_tables_fields.md,backend\domains\comms\models\communication.py:40,"User-facing table missing country_code column (Law 5, 20)",country_code String(2) column on every user-facing table,Table missing country_code for RLS scoping,Add country_code column via migration,M,P1,5,triangulated,L1,VERIFIED,Verify column exists,Apply migration,Revert migration,Domain data,none,,yes
TF-117,db,NEW,,07_tables_fields.md,backend\domains\comms\models\chat.py:60,Model missing created_at column,created_at with server_default=func.now(),Audit column missing,Add created_at column,M,P2,5,triangulated,L1,VERIFIED,Verify column exists,Apply migration,Revert migration,Domain data,none,,no
TF-118,db,NEW,,07_tables_fields.md,backend\domains\comms\models\chat.py:60,Model missing updated_at column,updated_at with server_default=func.now(),Audit column missing,Add updated_at column,M,P2,5,triangulated,L1,VERIFIED,Verify column exists,Apply migration,Revert migration,Domain data,none,,no
TF-119,db,NEW,,07_tables_fields.md,backend\domains\comms\models\chat.py:60,"User-facing table missing country_code column (Law 5, 20)",country_code String(2) column on every user-facing table,Table missing country_code for RLS scoping,Add country_code column via migration,M,P1,5,triangulated,L1,VERIFIED,Verify column exists,Apply migration,Revert migration,Domain data,none,,yes
TF-120,db,NEW,,07_tables_fields.md,backend\domains\comms\models\chat.py:139,Model missing created_at column,created_at with server_default=func.now(),Audit column missing,Add created_at column,M,P2,5,triangulated,L1,VERIFIED,Verify column exists,Apply migration,Revert migration,Domain data,none,,no
TF-121,db,NEW,,07_tables_fields.md,backend\domains\comms\models\chat.py:139,Model missing updated_at column,updated_at with server_default=func.now(),Audit column missing,Add updated_at column,M,P2,5,triangulated,L1,VERIFIED,Verify column exists,Apply migration,Revert migration,Domain data,none,,no
TF-122,db,NEW,,07_tables_fields.md,backend\domains\comms\models\chat.py:139,"User-facing table missing country_code column (Law 5, 20)",country_code String(2) column on every user-facing table,Table missing country_code for RLS scoping,Add country_code column via migration,M,P1,5,triangulated,L1,VERIFIED,Verify column exists,Apply migration,Revert migration,Domain data,none,,yes
TF-123,db,NEW,,07_tables_fields.md,backend\domains\comms\models\chat.py:33,created_at missing server_default=func.now() (Law 21),server_default=func.now() for timestamps,Using Python-side default instead of DB-side,Change to server_default=func.now(),M,P2,5,triangulated,L1,VERIFIED,Verify column exists,Apply migration,Revert migration,Domain data,none,,no
TF-124,db,NEW,,07_tables_fields.md,backend\domains\comms\models\incident.py:64,Model missing updated_at column,updated_at with server_default=func.now(),Audit column missing,Add updated_at column,M,P2,5,triangulated,L1,VERIFIED,Verify column exists,Apply migration,Revert migration,Domain data,none,,no
TF-125,db,NEW,,07_tables_fields.md,backend\domains\comms\models\incident.py:64,"User-facing table missing country_code column (Law 5, 20)",country_code String(2) column on every user-facing table,Table missing country_code for RLS scoping,Add country_code column via migration,M,P1,5,triangulated,L1,VERIFIED,Verify column exists,Apply migration,Revert migration,Domain data,none,,yes
TF-126,db,NEW,,07_tables_fields.md,backend\domains\country\models\country_basics.py:11,created_at missing server_default=func.now() (Law 21),server_default=func.now() for timestamps,Using Python-side default instead of DB-side,Change to server_default=func.now(),M,P2,5,triangulated,L1,VERIFIED,Verify column exists,Apply migration,Revert migration,Domain data,none,,no
TF-127,db,NEW,,07_tables_fields.md,backend\domains\country\models\country_enhancements.py:234,created_at missing server_default=func.now() (Law 21),server_default=func.now() for timestamps,Using Python-side default instead of DB-side,Change to server_default=func.now(),M,P2,5,triangulated,L1,VERIFIED,Verify column exists,Apply migration,Revert migration,Domain data,none,,no
TF-128,db,NEW,,07_tables_fields.md,backend\domains\country\models\country_enhancements.py:261,created_at missing server_default=func.now() (Law 21),server_default=func.now() for timestamps,Using Python-side default instead of DB-side,Change to server_default=func.now(),M,P2,5,triangulated,L1,VERIFIED,Verify column exists,Apply migration,Revert migration,Domain data,none,,no
TF-129,db,NEW,,07_tables_fields.md,backend\domains\country\models\country_enhancements.py:356,created_at missing server_default=func.now() (Law 21),server_default=func.now() for timestamps,Using Python-side default instead of DB-side,Change to server_default=func.now(),M,P2,5,triangulated,L1,VERIFIED,Verify column exists,Apply migration,Revert migration,Domain data,none,,no
TF-130,db,NEW,,07_tables_fields.md,backend\domains\country\models\country_enhancements.py:335,created_at missing server_default=func.now() (Law 21),server_default=func.now() for timestamps,Using Python-side default instead of DB-side,Change to server_default=func.now(),M,P2,5,triangulated,L1,VERIFIED,Verify column exists,Apply migration,Revert migration,Domain data,none,,no
TF-131,db,NEW,,07_tables_fields.md,backend\domains\country\models\countries.py:129,created_at missing server_default=func.now() (Law 21),server_default=func.now() for timestamps,Using Python-side default instead of DB-side,Change to server_default=func.now(),M,P2,5,triangulated,L1,VERIFIED,Verify column exists,Apply migration,Revert migration,Domain data,none,,no
TF-132,db,NEW,,07_tables_fields.md,backend\domains\country\models\countries.py:15,created_at missing server_default=func.now() (Law 21),server_default=func.now() for timestamps,Using Python-side default instead of DB-side,Change to server_default=func.now(),M,P2,5,triangulated,L1,VERIFIED,Verify column exists,Apply migration,Revert migration,Domain data,none,,no
TF-133,db,NEW,,07_tables_fields.md,backend\domains\country\models\country_economics.py:11,created_at missing server_default=func.now() (Law 21),server_default=func.now() for timestamps,Using Python-side default instead of DB-side,Change to server_default=func.now(),M,P2,5,triangulated,L1,VERIFIED,Verify column exists,Apply migration,Revert migration,Domain data,none,,no
TF-134,db,NEW,,07_tables_fields.md,backend\domains\country\models\country_enhancements.py:14,created_at missing server_default=func.now() (Law 21),server_default=func.now() for timestamps,Using Python-side default instead of DB-side,Change to server_default=func.now(),M,P2,5,triangulated,L1,VERIFIED,Verify column exists,Apply migration,Revert migration,Domain data,none,,no
TF-135,db,NEW,,07_tables_fields.md,backend\domains\country\models\country_enhancements.py:310,created_at missing server_default=func.now() (Law 21),server_default=func.now() for timestamps,Using Python-side default instead of DB-side,Change to server_default=func.now(),M,P2,5,triangulated,L1,VERIFIED,Verify column exists,Apply migration,Revert migration,Domain data,none,,no
TF-136,db,NEW,,07_tables_fields.md,backend\domains\country\models\country_enhancements.py:290,created_at missing server_default=func.now() (Law 21),server_default=func.now() for timestamps,Using Python-side default instead of DB-side,Change to server_default=func.now(),M,P2,5,triangulated,L1,VERIFIED,Verify column exists,Apply migration,Revert migration,Domain data,none,,no
TF-137,db,NEW,,07_tables_fields.md,backend\domains\country\models\country_enhancements.py:215,created_at missing server_default=func.now() (Law 21),server_default=func.now() for timestamps,Using Python-side default instead of DB-side,Change to server_default=func.now(),M,P2,5,triangulated,L1,VERIFIED,Verify column exists,Apply migration,Revert migration,Domain data,none,,no
TF-138,db,NEW,,07_tables_fields.md,backend\domains\country\models\country_legal.py:11,created_at missing server_default=func.now() (Law 21),server_default=func.now() for timestamps,Using Python-side default instead of DB-side,Change to server_default=func.now(),M,P2,5,triangulated,L1,VERIFIED,Verify column exists,Apply migration,Revert migration,Domain data,none,,no
TF-139,db,NEW,,07_tables_fields.md,backend\domains\country\models\country_enhancements.py:176,created_at missing server_default=func.now() (Law 21),server_default=func.now() for timestamps,Using Python-side default instead of DB-side,Change to server_default=func.now(),M,P2,5,triangulated,L1,VERIFIED,Verify column exists,Apply migration,Revert migration,Domain data,none,,no
TF-140,db,NEW,,07_tables_fields.md,backend\domains\country\models\country_enhancements.py:380,created_at missing server_default=func.now() (Law 21),server_default=func.now() for timestamps,Using Python-side default instead of DB-side,Change to server_default=func.now(),M,P2,5,triangulated,L1,VERIFIED,Verify column exists,Apply migration,Revert migration,Domain data,none,,no
TF-141,db,NEW,,07_tables_fields.md,backend\domains\country\models\country_control.py:103,created_at missing server_default=func.now() (Law 21),server_default=func.now() for timestamps,Using Python-side default instead of DB-side,Change to server_default=func.now(),M,P2,5,triangulated,L1,VERIFIED,Verify column exists,Apply migration,Revert migration,Domain data,none,,no
TF-142,db,NEW,,07_tables_fields.md,backend\domains\country\models\country_enhancements.py:196,created_at missing server_default=func.now() (Law 21),server_default=func.now() for timestamps,Using Python-side default instead of DB-side,Change to server_default=func.now(),M,P2,5,triangulated,L1,VERIFIED,Verify column exists,Apply migration,Revert migration,Domain data,none,,no
TF-143,db,NEW,,07_tables_fields.md,backend\domains\country\models\country_enhancements.py:402,created_at missing server_default=func.now() (Law 21),server_default=func.now() for timestamps,Using Python-side default instead of DB-side,Change to server_default=func.now(),M,P2,5,triangulated,L1,VERIFIED,Verify column exists,Apply migration,Revert migration,Domain data,none,,no
TF-144,db,NEW,,07_tables_fields.md,backend\domains\country\models\country_enhancements.py:36,created_at missing server_default=func.now() (Law 21),server_default=func.now() for timestamps,Using Python-side default instead of DB-side,Change to server_default=func.now(),M,P2,5,triangulated,L1,VERIFIED,Verify column exists,Apply migration,Revert migration,Domain data,none,,no
TF-145,db,NEW,,07_tables_fields.md,backend\domains\country\models\country_tax.py:11,created_at missing server_default=func.now() (Law 21),server_default=func.now() for timestamps,Using Python-side default instead of DB-side,Change to server_default=func.now(),M,P2,5,triangulated,L1,VERIFIED,Verify column exists,Apply migration,Revert migration,Domain data,none,,no
TF-146,db,NEW,,07_tables_fields.md,backend\domains\country\models\country_control.py:82,created_at missing server_default=func.now() (Law 21),server_default=func.now() for timestamps,Using Python-side default instead of DB-side,Change to server_default=func.now(),M,P2,5,triangulated,L1,VERIFIED,Verify column exists,Apply migration,Revert migration,Domain data,none,,no
TF-147,db,NEW,,07_tables_fields.md,backend\domains\country\models\country_enhancements.py:128,created_at missing server_default=func.now() (Law 21),server_default=func.now() for timestamps,Using Python-side default instead of DB-side,Change to server_default=func.now(),M,P2,5,triangulated,L1,VERIFIED,Verify column exists,Apply migration,Revert migration,Domain data,none,,no
TF-148,db,NEW,,07_tables_fields.md,backend\domains\country\models\country_control.py:142,created_at missing server_default=func.now() (Law 21),server_default=func.now() for timestamps,Using Python-side default instead of DB-side,Change to server_default=func.now(),M,P2,5,triangulated,L1,VERIFIED,Verify column exists,Apply migration,Revert migration,Domain data,none,,no
TF-149,db,NEW,,07_tables_fields.md,backend\domains\country\models\country_enhancements.py:59,created_at missing server_default=func.now() (Law 21),server_default=func.now() for timestamps,Using Python-side default instead of DB-side,Change to server_default=func.now(),M,P2,5,triangulated,L1,VERIFIED,Verify column exists,Apply migration,Revert migration,Domain data,none,,no
TF-150,db,NEW,,07_tables_fields.md,backend\domains\country\models\country_control.py:163,created_at missing server_default=func.now() (Law 21),server_default=func.now() for timestamps,Using Python-side default instead of DB-side,Change to server_default=func.now(),M,P2,5,triangulated,L1,VERIFIED,Verify column exists,Apply migration,Revert migration,Domain data,none,,no
TF-151,db,NEW,,07_tables_fields.md,backend\domains\country\models\country_control.py:35,created_at missing server_default=func.now() (Law 21),server_default=func.now() for timestamps,Using Python-side default instead of DB-side,Change to server_default=func.now(),M,P2,5,triangulated,L1,VERIFIED,Verify column exists,Apply migration,Revert migration,Domain data,none,,no
TF-152,db,NEW,,07_tables_fields.md,backend\domains\country\models\country_control.py:13,created_at missing server_default=func.now() (Law 21),server_default=func.now() for timestamps,Using Python-side default instead of DB-side,Change to server_default=func.now(),M,P2,5,triangulated,L1,VERIFIED,Verify column exists,Apply migration,Revert migration,Domain data,none,,no
TF-153,db,NEW,,07_tables_fields.md,backend\domains\country\models\country_control.py:122,created_at missing server_default=func.now() (Law 21),server_default=func.now() for timestamps,Using Python-side default instead of DB-side,Change to server_default=func.now(),M,P2,5,triangulated,L1,VERIFIED,Verify column exists,Apply migration,Revert migration,Domain data,none,,no
TF-154,db,NEW,,07_tables_fields.md,backend\domains\country\models\country_enhancements.py:108,created_at missing server_default=func.now() (Law 21),server_default=func.now() for timestamps,Using Python-side default instead of DB-side,Change to server_default=func.now(),M,P2,5,triangulated,L1,VERIFIED,Verify column exists,Apply migration,Revert migration,Domain data,none,,no
TF-155,db,NEW,,07_tables_fields.md,backend\domains\country\models\country_control.py:59,created_at missing server_default=func.now() (Law 21),server_default=func.now() for timestamps,Using Python-side default instead of DB-side,Change to server_default=func.now(),M,P2,5,triangulated,L1,VERIFIED,Verify column exists,Apply migration,Revert migration,Domain data,none,,no
TF-156,db,NEW,,07_tables_fields.md,backend\domains\customers\models\cross_country_session.py:22,created_at missing server_default=func.now() (Law 21),server_default=func.now() for timestamps,Using Python-side default instead of DB-side,Change to server_default=func.now(),M,P2,5,triangulated,L1,VERIFIED,Verify column exists,Apply migration,Revert migration,Domain data,none,,no
TF-157,db,NEW,,07_tables_fields.md,backend\domains\customers\models\cross_country_session.py:22,"User-facing table missing country_code column (Law 5, 20)",country_code String(2) column on every user-facing table,Table missing country_code for RLS scoping,Add country_code column via migration,M,P1,5,triangulated,L1,VERIFIED,Verify column exists,Apply migration,Revert migration,Domain data,none,,yes
TF-158,db,NEW,,07_tables_fields.md,backend\domains\customers\models\customer_schema_models.py:44,created_at missing server_default=func.now() (Law 21),server_default=func.now() for timestamps,Using Python-side default instead of DB-side,Change to server_default=func.now(),M,P2,5,triangulated,L1,VERIFIED,Verify column exists,Apply migration,Revert migration,Domain data,none,,no
TF-159,db,NEW,,07_tables_fields.md,backend\domains\customers\models\customer_schema_models.py:22,created_at missing server_default=func.now() (Law 21),server_default=func.now() for timestamps,Using Python-side default instead of DB-side,Change to server_default=func.now(),M,P2,5,triangulated,L1,VERIFIED,Verify column exists,Apply migration,Revert migration,Domain data,none,,no
TF-160,db,NEW,,07_tables_fields.md,backend\domains\finance\models\general_ledger.py:186,created_at missing server_default=func.now() (Law 21),server_default=func.now() for timestamps,Using Python-side default instead of DB-side,Change to server_default=func.now(),M,P2,5,triangulated,L1,VERIFIED,Verify column exists,Apply migration,Revert migration,Domain data,none,,no
TF-161,db,NEW,,07_tables_fields.md,backend\domains\finance\models\general_ledger.py:162,created_at missing server_default=func.now() (Law 21),server_default=func.now() for timestamps,Using Python-side default instead of DB-side,Change to server_default=func.now(),M,P2,5,triangulated,L1,VERIFIED,Verify column exists,Apply migration,Revert migration,Domain data,none,,no
TF-162,db,NEW,,07_tables_fields.md,backend\domains\finance\models\general_ledger.py:162,Column 'account_type' exists in DB but not in model (type: c,All DB columns represented in model,DB column not in model,Add column to model or remove from DB,M,P2,5,triangulated,L1,VERIFIED,Verify column exists,Apply migration,Revert migration,Domain data,none,,no
TF-163,db,NEW,,07_tables_fields.md,backend\domains\finance\models\general_ledger.py:806,created_at missing server_default=func.now() (Law 21),server_default=func.now() for timestamps,Using Python-side default instead of DB-side,Change to server_default=func.now(),M,P2,5,triangulated,L1,VERIFIED,Verify column exists,Apply migration,Revert migration,Domain data,none,,no
TF-164,db,NEW,,07_tables_fields.md,backend\domains\finance\models\general_ledger.py:983,created_at missing server_default=func.now() (Law 21),server_default=func.now() for timestamps,Using Python-side default instead of DB-side,Change to server_default=func.now(),M,P2,5,triangulated,L1,VERIFIED,Verify column exists,Apply migration,Revert migration,Domain data,none,,no
TF-165,db,NEW,,07_tables_fields.md,backend\domains\finance\models\general_ledger.py:262,created_at missing server_default=func.now() (Law 21),server_default=func.now() for timestamps,Using Python-side default instead of DB-side,Change to server_default=func.now(),M,P2,5,triangulated,L1,VERIFIED,Verify column exists,Apply migration,Revert migration,Domain data,none,,no
TF-166,db,NEW,,07_tables_fields.md,backend\domains\finance\models\general_ledger.py:1011,created_at missing server_default=func.now() (Law 21),server_default=func.now() for timestamps,Using Python-side default instead of DB-side,Change to server_default=func.now(),M,P2,5,triangulated,L1,VERIFIED,Verify column exists,Apply migration,Revert migration,Domain data,none,,no
TF-167,db,NEW,,07_tables_fields.md,backend\domains\finance\models\general_ledger.py:232,created_at missing server_default=func.now() (Law 21),server_default=func.now() for timestamps,Using Python-side default instead of DB-side,Change to server_default=func.now(),M,P2,5,triangulated,L1,VERIFIED,Verify column exists,Apply migration,Revert migration,Domain data,none,,no
TF-168,db,NEW,,07_tables_fields.md,backend\domains\finance\models\general_ledger.py:893,created_at missing server_default=func.now() (Law 21),server_default=func.now() for timestamps,Using Python-side default instead of DB-side,Change to server_default=func.now(),M,P2,5,triangulated,L1,VERIFIED,Verify column exists,Apply migration,Revert migration,Domain data,none,,no
TF-169,db,NEW,,07_tables_fields.md,backend\domains\finance\models\general_ledger.py:865,created_at missing server_default=func.now() (Law 21),server_default=func.now() for timestamps,Using Python-side default instead of DB-side,Change to server_default=func.now(),M,P2,5,triangulated,L1,VERIFIED,Verify column exists,Apply migration,Revert migration,Domain data,none,,no
TF-170,db,NEW,,07_tables_fields.md,backend\domains\finance\models\general_ledger.py:1039,created_at missing server_default=func.now() (Law 21),server_default=func.now() for timestamps,Using Python-side default instead of DB-side,Change to server_default=func.now(),M,P2,5,triangulated,L1,VERIFIED,Verify column exists,Apply migration,Revert migration,Domain data,none,,no
TF-171,db,NEW,,07_tables_fields.md,backend\domains\finance\models\general_ledger.py:700,created_at missing server_default=func.now() (Law 21),server_default=func.now() for timestamps,Using Python-side default instead of DB-side,Change to server_default=func.now(),M,P2,5,triangulated,L1,VERIFIED,Verify column exists,Apply migration,Revert migration,Domain data,none,,no
TF-172,db,NEW,,07_tables_fields.md,backend\domains\finance\models\general_ledger.py:724,created_at missing server_default=func.now() (Law 21),server_default=func.now() for timestamps,Using Python-side default instead of DB-side,Change to server_default=func.now(),M,P2,5,triangulated,L1,VERIFIED,Verify column exists,Apply migration,Revert migration,Domain data,none,,no
TF-173,db,NEW,,07_tables_fields.md,backend\domains\finance\models\general_ledger.py:750,created_at missing server_default=func.now() (Law 21),server_default=func.now() for timestamps,Using Python-side default instead of DB-side,Change to server_default=func.now(),M,P2,5,triangulated,L1,VERIFIED,Verify column exists,Apply migration,Revert migration,Domain data,none,,no
TF-174,db,NEW,,07_tables_fields.md,backend\domains\finance\models\general_ledger.py:407,created_at missing server_default=func.now() (Law 21),server_default=func.now() for timestamps,Using Python-side default instead of DB-side,Change to server_default=func.now(),M,P2,5,triangulated,L1,VERIFIED,Verify column exists,Apply migration,Revert migration,Domain data,none,,no
TF-175,db,NEW,,07_tables_fields.md,backend\domains\finance\models\general_ledger.py:1063,created_at missing server_default=func.now() (Law 21),server_default=func.now() for timestamps,Using Python-side default instead of DB-side,Change to server_default=func.now(),M,P2,5,triangulated,L1,VERIFIED,Verify column exists,Apply migration,Revert migration,Domain data,none,,no
TF-176,db,NEW,,07_tables_fields.md,backend\domains\finance\models\general_ledger.py:469,created_at missing server_default=func.now() (Law 21),server_default=func.now() for timestamps,Using Python-side default instead of DB-side,Change to server_default=func.now(),M,P2,5,triangulated,L1,VERIFIED,Verify column exists,Apply migration,Revert migration,Domain data,none,,no
TF-177,db,NEW,,07_tables_fields.md,backend\domains\finance\models\general_ledger.py:561,created_at missing server_default=func.now() (Law 21),server_default=func.now() for timestamps,Using Python-side default instead of DB-side,Change to server_default=func.now(),M,P2,5,triangulated,L1,VERIFIED,Verify column exists,Apply migration,Revert migration,Domain data,none,,no
TF-178,db,NEW,,07_tables_fields.md,backend\domains\finance\models\general_ledger.py:582,created_at missing server_default=func.now() (Law 21),server_default=func.now() for timestamps,Using Python-side default instead of DB-side,Change to server_default=func.now(),M,P2,5,triangulated,L1,VERIFIED,Verify column exists,Apply migration,Revert migration,Domain data,none,,no
TF-179,db,NEW,,07_tables_fields.md,backend\domains\finance\models\general_ledger.py:490,created_at missing server_default=func.now() (Law 21),server_default=func.now() for timestamps,Using Python-side default instead of DB-side,Change to server_default=func.now(),M,P2,5,triangulated,L1,VERIFIED,Verify column exists,Apply migration,Revert migration,Domain data,none,,no
TF-180,db,NEW,,07_tables_fields.md,backend\domains\finance\models\commission.py:11,created_at missing server_default=func.now() (Law 21),server_default=func.now() for timestamps,Using Python-side default instead of DB-side,Change to server_default=func.now(),M,P2,5,triangulated,L1,VERIFIED,Verify column exists,Apply migration,Revert migration,Domain data,none,,no
TF-181,db,NEW,,07_tables_fields.md,backend\domains\finance\models\commission.py:94,created_at missing server_default=func.now() (Law 21),server_default=func.now() for timestamps,Using Python-side default instead of DB-side,Change to server_default=func.now(),M,P2,5,triangulated,L1,VERIFIED,Verify column exists,Apply migration,Revert migration,Domain data,none,,no
TF-182,db,NEW,,07_tables_fields.md,backend\domains\finance\models\commission.py:54,created_at missing server_default=func.now() (Law 21),server_default=func.now() for timestamps,Using Python-side default instead of DB-side,Change to server_default=func.now(),M,P2,5,triangulated,L1,VERIFIED,Verify column exists,Apply migration,Revert migration,Domain data,none,,no
TF-183,db,NEW,,07_tables_fields.md,backend\domains\finance\models\general_ledger.py:964,created_at missing server_default=func.now() (Law 21),server_default=func.now() for timestamps,Using Python-side default instead of DB-side,Change to server_default=func.now(),M,P2,5,triangulated,L1,VERIFIED,Verify column exists,Apply migration,Revert migration,Domain data,none,,no
TF-184,db,NEW,,07_tables_fields.md,backend\domains\finance\models\general_ledger.py:941,created_at missing server_default=func.now() (Law 21),server_default=func.now() for timestamps,Using Python-side default instead of DB-side,Change to server_default=func.now(),M,P2,5,triangulated,L1,VERIFIED,Verify column exists,Apply migration,Revert migration,Domain data,none,,no
TF-185,db,NEW,,07_tables_fields.md,backend\domains\finance\models\general_ledger.py:1132,created_at missing server_default=func.now() (Law 21),server_default=func.now() for timestamps,Using Python-side default instead of DB-side,Change to server_default=func.now(),M,P2,5,triangulated,L1,VERIFIED,Verify column exists,Apply migration,Revert migration,Domain data,none,,no
TF-186,db,NEW,,07_tables_fields.md,backend\domains\finance\models\general_ledger.py:1154,created_at missing server_default=func.now() (Law 21),server_default=func.now() for timestamps,Using Python-side default instead of DB-side,Change to server_default=func.now(),M,P2,5,triangulated,L1,VERIFIED,Verify column exists,Apply migration,Revert migration,Domain data,none,,no
TF-187,db,NEW,,07_tables_fields.md,backend\domains\finance\models\general_ledger.py:11,created_at missing server_default=func.now() (Law 21),server_default=func.now() for timestamps,Using Python-side default instead of DB-side,Change to server_default=func.now(),M,P2,5,triangulated,L1,VERIFIED,Verify column exists,Apply migration,Revert migration,Domain data,none,,no
TF-188,db,NEW,,07_tables_fields.md,backend\domains\finance\models\general_ledger.py:777,created_at missing server_default=func.now() (Law 21),server_default=func.now() for timestamps,Using Python-side default instead of DB-side,Change to server_default=func.now(),M,P2,5,triangulated,L1,VERIFIED,Verify column exists,Apply migration,Revert migration,Domain data,none,,no
TF-189,db,NEW,,07_tables_fields.md,backend\domains\finance\models\general_ledger.py:601,created_at missing server_default=func.now() (Law 21),server_default=func.now() for timestamps,Using Python-side default instead of DB-side,Change to server_default=func.now(),M,P2,5,triangulated,L1,VERIFIED,Verify column exists,Apply migration,Revert migration,Domain data,none,,no
TF-190,db,NEW,,07_tables_fields.md,backend\domains\finance\models\general_ledger.py:350,created_at missing server_default=func.now() (Law 21),server_default=func.now() for timestamps,Using Python-side default instead of DB-side,Change to server_default=func.now(),M,P2,5,triangulated,L1,VERIFIED,Verify column exists,Apply migration,Revert migration,Domain data,none,,no
TF-191,db,NEW,,07_tables_fields.md,backend\domains\finance\models\general_ledger.py:314,created_at missing server_default=func.now() (Law 21),server_default=func.now() for timestamps,Using Python-side default instead of DB-side,Change to server_default=func.now(),M,P2,5,triangulated,L1,VERIFIED,Verify column exists,Apply migration,Revert migration,Domain data,none,,no
TF-192,db,NEW,,07_tables_fields.md,backend\domains\finance\models\general_ledger.py:109,created_at missing server_default=func.now() (Law 21),server_default=func.now() for timestamps,Using Python-side default instead of DB-side,Change to server_default=func.now(),M,P2,5,triangulated,L1,VERIFIED,Verify column exists,Apply migration,Revert migration,Domain data,none,,no
TF-193,db,NEW,,07_tables_fields.md,backend\domains\finance\models\general_ledger.py:137,created_at missing server_default=func.now() (Law 21),server_default=func.now() for timestamps,Using Python-side default instead of DB-side,Change to server_default=func.now(),M,P2,5,triangulated,L1,VERIFIED,Verify column exists,Apply migration,Revert migration,Domain data,none,,no
TF-194,db,NEW,,07_tables_fields.md,backend\domains\finance\models\general_ledger.py:650,created_at missing server_default=func.now() (Law 21),server_default=func.now() for timestamps,Using Python-side default instead of DB-side,Change to server_default=func.now(),M,P2,5,triangulated,L1,VERIFIED,Verify column exists,Apply migration,Revert migration,Domain data,none,,no
TF-195,db,NEW,,07_tables_fields.md,backend\domains\finance\models\tax_rules.py:65,created_at missing server_default=func.now() (Law 21),server_default=func.now() for timestamps,Using Python-side default instead of DB-side,Change to server_default=func.now(),M,P2,5,triangulated,L1,VERIFIED,Verify column exists,Apply migration,Revert migration,Domain data,none,,no
TF-196,db,NEW,,07_tables_fields.md,backend\domains\finance\models\tax_rules.py:86,created_at missing server_default=func.now() (Law 21),server_default=func.now() for timestamps,Using Python-side default instead of DB-side,Change to server_default=func.now(),M,P2,5,triangulated,L1,VERIFIED,Verify column exists,Apply migration,Revert migration,Domain data,none,,no
TF-197,db,NEW,,07_tables_fields.md,backend\domains\finance\models\tax_rules.py:23,created_at missing server_default=func.now() (Law 21),server_default=func.now() for timestamps,Using Python-side default instead of DB-side,Change to server_default=func.now(),M,P2,5,triangulated,L1,VERIFIED,Verify column exists,Apply migration,Revert migration,Domain data,none,,no
TF-198,db,NEW,,07_tables_fields.md,backend\domains\finance\models\general_ledger.py:621,created_at missing server_default=func.now() (Law 21),server_default=func.now() for timestamps,Using Python-side default instead of DB-side,Change to server_default=func.now(),M,P2,5,triangulated,L1,VERIFIED,Verify column exists,Apply migration,Revert migration,Domain data,none,,no
TF-199,db,NEW,,07_tables_fields.md,backend\domains\finance\models\commission.py:34,created_at missing server_default=func.now() (Law 21),server_default=func.now() for timestamps,Using Python-side default instead of DB-side,Change to server_default=func.now(),M,P2,5,triangulated,L1,VERIFIED,Verify column exists,Apply migration,Revert migration,Domain data,none,,no
TF-200,db,NEW,,07_tables_fields.md,backend\domains\finance\models\general_ledger.py:1109,created_at missing server_default=func.now() (Law 21),server_default=func.now() for timestamps,Using Python-side default instead of DB-side,Change to server_default=func.now(),M,P2,5,triangulated,L1,VERIFIED,Verify column exists,Apply migration,Revert migration,Domain data,none,,no
TF-201,db,NEW,,07_tables_fields.md,backend\domains\finance\models\general_ledger.py:374,created_at missing server_default=func.now() (Law 21),server_default=func.now() for timestamps,Using Python-side default instead of DB-side,Change to server_default=func.now(),M,P2,5,triangulated,L1,VERIFIED,Verify column exists,Apply migration,Revert migration,Domain data,none,,no
TF-202,db,NEW,,07_tables_fields.md,backend\domains\finance\models\general_ledger.py:832,created_at missing server_default=func.now() (Law 21),server_default=func.now() for timestamps,Using Python-side default instead of DB-side,Change to server_default=func.now(),M,P2,5,triangulated,L1,VERIFIED,Verify column exists,Apply migration,Revert migration,Domain data,none,,no
TF-203,db,NEW,,07_tables_fields.md,backend\domains\finance\models\general_ledger.py:78,created_at missing server_default=func.now() (Law 21),server_default=func.now() for timestamps,Using Python-side default instead of DB-side,Change to server_default=func.now(),M,P2,5,triangulated,L1,VERIFIED,Verify column exists,Apply migration,Revert migration,Domain data,none,,no
TF-204,db,NEW,,07_tables_fields.md,backend\domains\finance\models\tax_rules.py:45,created_at missing server_default=func.now() (Law 21),server_default=func.now() for timestamps,Using Python-side default instead of DB-side,Change to server_default=func.now(),M,P2,5,triangulated,L1,VERIFIED,Verify column exists,Apply migration,Revert migration,Domain data,none,,no
TF-205,db,NEW,,07_tables_fields.md,backend\domains\finance\models\general_ledger.py:36,created_at missing server_default=func.now() (Law 21),server_default=func.now() for timestamps,Using Python-side default instead of DB-side,Change to server_default=func.now(),M,P2,5,triangulated,L1,VERIFIED,Verify column exists,Apply migration,Revert migration,Domain data,none,,no
TF-206,db,NEW,,07_tables_fields.md,backend\domains\finance\models\general_ledger.py:513,created_at missing server_default=func.now() (Law 21),server_default=func.now() for timestamps,Using Python-side default instead of DB-side,Change to server_default=func.now(),M,P2,5,triangulated,L1,VERIFIED,Verify column exists,Apply migration,Revert migration,Domain data,none,,no
TF-207,db,NEW,,07_tables_fields.md,backend\domains\finance\models\general_ledger.py:441,created_at missing server_default=func.now() (Law 21),server_default=func.now() for timestamps,Using Python-side default instead of DB-side,Change to server_default=func.now(),M,P2,5,triangulated,L1,VERIFIED,Verify column exists,Apply migration,Revert migration,Domain data,none,,no
TF-208,db,NEW,,07_tables_fields.md,backend\domains\finance\models\general_ledger.py:919,created_at missing server_default=func.now() (Law 21),server_default=func.now() for timestamps,Using Python-side default instead of DB-side,Change to server_default=func.now(),M,P2,5,triangulated,L1,VERIFIED,Verify column exists,Apply migration,Revert migration,Domain data,none,,no
TF-209,db,NEW,,07_tables_fields.md,backend\domains\governance\models\admin.py:37,Model missing created_at column,created_at with server_default=func.now(),Audit column missing,Add created_at column,M,P2,5,triangulated,L1,VERIFIED,Verify column exists,Apply migration,Revert migration,Domain data,none,,no
TF-210,db,NEW,,07_tables_fields.md,backend\domains\governance\models\admin.py:37,Model missing updated_at column,updated_at with server_default=func.now(),Audit column missing,Add updated_at column,M,P2,5,triangulated,L1,VERIFIED,Verify column exists,Apply migration,Revert migration,Domain data,none,,no
TF-211,db,NEW,,07_tables_fields.md,backend\domains\hr\models\employee_models.py:80,Model missing created_at column,created_at with server_default=func.now(),Audit column missing,Add created_at column,M,P2,5,triangulated,L1,VERIFIED,Verify column exists,Apply migration,Revert migration,Domain data,none,,no
TF-212,db,NEW,,07_tables_fields.md,backend\domains\hr\models\employee_models.py:80,Model missing updated_at column,updated_at with server_default=func.now(),Audit column missing,Add updated_at column,M,P2,5,triangulated,L1,VERIFIED,Verify column exists,Apply migration,Revert migration,Domain data,none,,no
TF-213,db,NEW,,07_tables_fields.md,backend\domains\hr\models\employee_models.py:96,Model missing created_at column,created_at with server_default=func.now(),Audit column missing,Add created_at column,M,P2,5,triangulated,L1,VERIFIED,Verify column exists,Apply migration,Revert migration,Domain data,none,,no
TF-214,db,NEW,,07_tables_fields.md,backend\domains\hr\models\employee_models.py:96,Model missing updated_at column,updated_at with server_default=func.now(),Audit column missing,Add updated_at column,M,P2,5,triangulated,L1,VERIFIED,Verify column exists,Apply migration,Revert migration,Domain data,none,,no
TF-215,db,NEW,,07_tables_fields.md,backend\domains\hr\models\employee_models.py:128,Column 'path' exists in DB but not in model (type: character,All DB columns represented in model,DB column not in model,Add column to model or remove from DB,M,P2,5,triangulated,L1,VERIFIED,Verify column exists,Apply migration,Revert migration,Domain data,none,,no
TF-216,db,NEW,,07_tables_fields.md,backend\domains\hr\models\employee_models.py:128,Column 'depth' exists in DB but not in model (type: integer),All DB columns represented in model,DB column not in model,Add column to model or remove from DB,M,P2,5,triangulated,L1,VERIFIED,Verify column exists,Apply migration,Revert migration,Domain data,none,,no
TF-217,db,NEW,,07_tables_fields.md,backend\domains\logistics\models\logistics_schema_models.py:26,created_at missing server_default=func.now() (Law 21),server_default=func.now() for timestamps,Using Python-side default instead of DB-side,Change to server_default=func.now(),M,P2,5,triangulated,L1,VERIFIED,Verify column exists,Apply migration,Revert migration,Domain data,none,,no
TF-218,db,NEW,,07_tables_fields.md,backend\domains\logistics\models\logistics_entities.py:194,created_at missing server_default=func.now() (Law 21),server_default=func.now() for timestamps,Using Python-side default instead of DB-side,Change to server_default=func.now(),M,P2,5,triangulated,L1,VERIFIED,Verify column exists,Apply migration,Revert migration,Domain data,none,,no
TF-219,db,NEW,,07_tables_fields.md,backend\domains\logistics\models\logistics_entities.py:66,created_at missing server_default=func.now() (Law 21),server_default=func.now() for timestamps,Using Python-side default instead of DB-side,Change to server_default=func.now(),M,P2,5,triangulated,L1,VERIFIED,Verify column exists,Apply migration,Revert migration,Domain data,none,,no
TF-220,db,NEW,,07_tables_fields.md,backend\domains\logistics\models\logistics_entities.py:91,created_at missing server_default=func.now() (Law 21),server_default=func.now() for timestamps,Using Python-side default instead of DB-side,Change to server_default=func.now(),M,P2,5,triangulated,L1,VERIFIED,Verify column exists,Apply migration,Revert migration,Domain data,none,,no
TF-221,db,NEW,,07_tables_fields.md,backend\domains\logistics\models\logistics_entities.py:13,created_at missing server_default=func.now() (Law 21),server_default=func.now() for timestamps,Using Python-side default instead of DB-side,Change to server_default=func.now(),M,P2,5,triangulated,L1,VERIFIED,Verify column exists,Apply migration,Revert migration,Domain data,none,,no
TF-222,db,NEW,,07_tables_fields.md,backend\domains\logistics\models\logistics_entities.py:129,created_at missing server_default=func.now() (Law 21),server_default=func.now() for timestamps,Using Python-side default instead of DB-side,Change to server_default=func.now(),M,P2,5,triangulated,L1,VERIFIED,Verify column exists,Apply migration,Revert migration,Domain data,none,,no
TF-223,db,NEW,,07_tables_fields.md,backend\domains\logistics\models\logistics_entities.py:164,created_at missing server_default=func.now() (Law 21),server_default=func.now() for timestamps,Using Python-side default instead of DB-side,Change to server_default=func.now(),M,P2,5,triangulated,L1,VERIFIED,Verify column exists,Apply migration,Revert migration,Domain data,none,,no
TF-224,db,NEW,,07_tables_fields.md,backend\domains\logistics\models\logistics_entities.py:268,created_at missing server_default=func.now() (Law 21),server_default=func.now() for timestamps,Using Python-side default instead of DB-side,Change to server_default=func.now(),M,P2,5,triangulated,L1,VERIFIED,Verify column exists,Apply migration,Revert migration,Domain data,none,,no
TF-225,db,NEW,,07_tables_fields.md,backend\domains\logistics\models\logistics_entities.py:222,created_at missing server_default=func.now() (Law 21),server_default=func.now() for timestamps,Using Python-side default instead of DB-side,Change to server_default=func.now(),M,P2,5,triangulated,L1,VERIFIED,Verify column exists,Apply migration,Revert migration,Domain data,none,,no
TF-226,db,NEW,,07_tables_fields.md,backend\domains\logistics\models\shipping_rules.py:24,created_at missing server_default=func.now() (Law 21),server_default=func.now() for timestamps,Using Python-side default instead of DB-side,Change to server_default=func.now(),M,P2,5,triangulated,L1,VERIFIED,Verify column exists,Apply migration,Revert migration,Domain data,none,,no
TF-227,db,NEW,,07_tables_fields.md,backend\domains\orders\models\order_entities.py:178,"User-facing table missing country_code column (Law 5, 20)",country_code String(2) column on every user-facing table,Table missing country_code for RLS scoping,Add country_code column via migration,M,P1,5,triangulated,L1,VERIFIED,Verify column exists,Apply migration,Revert migration,Domain data,none,,yes
TF-228,db,NEW,,07_tables_fields.md,backend\domains\orders\models\order_entities.py:142,Column 'requested_by_id' in model but not in live DB,All model columns exist in live DB,Schema drift: model column not in DB,Apply migration to add missing column,M,P1,5,triangulated,L1,VERIFIED,Verify column exists,Apply migration,Revert migration,Domain data,none,,yes
TF-229,db,NEW,,07_tables_fields.md,backend\domains\orders\models\order_entities.py:142,Column 'approved_by_id' in model but not in live DB,All model columns exist in live DB,Schema drift: model column not in DB,Apply migration to add missing column,M,P1,5,triangulated,L1,VERIFIED,Verify column exists,Apply migration,Revert migration,Domain data,none,,yes
TF-230,db,NEW,,07_tables_fields.md,backend\domains\payments\models\payment_models.py:134,Column 'metadata' exists in DB but not in model (type: json),All DB columns represented in model,DB column not in model,Add column to model or remove from DB,M,P2,5,triangulated,L1,VERIFIED,Verify column exists,Apply migration,Revert migration,Domain data,none,,no
TF-231,db,NEW,,07_tables_fields.md,backend\domains\payments\models\payment_models.py:134,Column 'metadata_json' in model but not in live DB,All model columns exist in live DB,Schema drift: model column not in DB,Apply migration to add missing column,M,P1,5,triangulated,L1,VERIFIED,Verify column exists,Apply migration,Revert migration,Domain data,none,,yes
TF-232,db,NEW,,07_tables_fields.md,backend\domains\payments\models\payment_models.py:41,Column 'metadata' exists in DB but not in model (type: json),All DB columns represented in model,DB column not in model,Add column to model or remove from DB,M,P2,5,triangulated,L1,VERIFIED,Verify column exists,Apply migration,Revert migration,Domain data,none,,no
TF-233,db,NEW,,07_tables_fields.md,backend\domains\payments\models\payment_models.py:41,Column 'metadata_json' in model but not in live DB,All model columns exist in live DB,Schema drift: model column not in DB,Apply migration to add missing column,M,P1,5,triangulated,L1,VERIFIED,Verify column exists,Apply migration,Revert migration,Domain data,none,,yes
TF-234,db,NEW,,07_tables_fields.md,backend\domains\promotions\models\coupon_usage.py:12,created_at missing server_default=func.now() (Law 21),server_default=func.now() for timestamps,Using Python-side default instead of DB-side,Change to server_default=func.now(),M,P2,5,triangulated,L1,VERIFIED,Verify column exists,Apply migration,Revert migration,Domain data,none,,no
TF-235,db,NEW,,07_tables_fields.md,backend\domains\promotions\models\promotion_config.py:13,created_at missing server_default=func.now() (Law 21),server_default=func.now() for timestamps,Using Python-side default instead of DB-side,Change to server_default=func.now(),M,P2,5,triangulated,L1,VERIFIED,Verify column exists,Apply migration,Revert migration,Domain data,none,,no
TF-236,db,NEW,,07_tables_fields.md,backend\domains\security\models\fraud.py:149,created_at missing server_default=func.now() (Law 21),server_default=func.now() for timestamps,Using Python-side default instead of DB-side,Change to server_default=func.now(),M,P2,5,triangulated,L1,VERIFIED,Verify column exists,Apply migration,Revert migration,Domain data,none,,no
TF-237,db,NEW,,07_tables_fields.md,backend\domains\security\models\fraud.py:128,Model missing created_at column,created_at with server_default=func.now(),Audit column missing,Add created_at column,M,P2,5,triangulated,L1,VERIFIED,Verify column exists,Apply migration,Revert migration,Domain data,none,,no
TF-238,db,NEW,,07_tables_fields.md,backend\domains\security\models\fraud.py:128,Model missing updated_at column,updated_at with server_default=func.now(),Audit column missing,Add updated_at column,M,P2,5,triangulated,L1,VERIFIED,Verify column exists,Apply migration,Revert migration,Domain data,none,,no
TF-239,db,NEW,,07_tables_fields.md,backend\domains\security\models\fraud.py:314,created_at missing server_default=func.now() (Law 21),server_default=func.now() for timestamps,Using Python-side default instead of DB-side,Change to server_default=func.now(),M,P2,5,triangulated,L1,VERIFIED,Verify column exists,Apply migration,Revert migration,Domain data,none,,no
TF-240,db,NEW,,07_tables_fields.md,backend\domains\security\models\fraud.py:191,created_at missing server_default=func.now() (Law 21),server_default=func.now() for timestamps,Using Python-side default instead of DB-side,Change to server_default=func.now(),M,P2,5,triangulated,L1,VERIFIED,Verify column exists,Apply migration,Revert migration,Domain data,none,,no
TF-241,db,NEW,,07_tables_fields.md,backend\domains\security\models\fraud.py:191,Model missing updated_at column,updated_at with server_default=func.now(),Audit column missing,Add updated_at column,M,P2,5,triangulated,L1,VERIFIED,Verify column exists,Apply migration,Revert migration,Domain data,none,,no
TF-242,db,NEW,,07_tables_fields.md,backend\domains\security\models\fraud.py:47,created_at missing server_default=func.now() (Law 21),server_default=func.now() for timestamps,Using Python-side default instead of DB-side,Change to server_default=func.now(),M,P2,5,triangulated,L1,VERIFIED,Verify column exists,Apply migration,Revert migration,Domain data,none,,no
TF-243,db,NEW,,07_tables_fields.md,backend\domains\security\models\fraud.py:47,Model missing updated_at column,updated_at with server_default=func.now(),Audit column missing,Add updated_at column,M,P2,5,triangulated,L1,VERIFIED,Verify column exists,Apply migration,Revert migration,Domain data,none,,no
TF-244,db,NEW,,07_tables_fields.md,backend\domains\security\models\fraud.py:295,created_at missing server_default=func.now() (Law 21),server_default=func.now() for timestamps,Using Python-side default instead of DB-side,Change to server_default=func.now(),M,P2,5,triangulated,L1,VERIFIED,Verify column exists,Apply migration,Revert migration,Domain data,none,,no
TF-245,db,NEW,,07_tables_fields.md,backend\domains\security\models\fraud.py:265,created_at missing server_default=func.now() (Law 21),server_default=func.now() for timestamps,Using Python-side default instead of DB-side,Change to server_default=func.now(),M,P2,5,triangulated,L1,VERIFIED,Verify column exists,Apply migration,Revert migration,Domain data,none,,no
TF-246,db,NEW,,07_tables_fields.md,backend\domains\security\models\fraud.py:16,created_at missing server_default=func.now() (Law 21),server_default=func.now() for timestamps,Using Python-side default instead of DB-side,Change to server_default=func.now(),M,P2,5,triangulated,L1,VERIFIED,Verify column exists,Apply migration,Revert migration,Domain data,none,,no
TF-247,db,NEW,,07_tables_fields.md,backend\domains\security\models\fraud.py:16,Model missing updated_at column,updated_at with server_default=func.now(),Audit column missing,Add updated_at column,M,P2,5,triangulated,L1,VERIFIED,Verify column exists,Apply migration,Revert migration,Domain data,none,,no
TF-248,db,NEW,,07_tables_fields.md,backend\domains\security\models\fraud.py:66,created_at missing server_default=func.now() (Law 21),server_default=func.now() for timestamps,Using Python-side default instead of DB-side,Change to server_default=func.now(),M,P2,5,triangulated,L1,VERIFIED,Verify column exists,Apply migration,Revert migration,Domain data,none,,no
TF-249,db,NEW,,07_tables_fields.md,backend\domains\security\models\fraud.py:241,created_at missing server_default=func.now() (Law 21),server_default=func.now() for timestamps,Using Python-side default instead of DB-side,Change to server_default=func.now(),M,P2,5,triangulated,L1,VERIFIED,Verify column exists,Apply migration,Revert migration,Domain data,none,,no
TF-250,db,NEW,,07_tables_fields.md,backend\domains\security\models\fraud.py:241,Model missing updated_at column,updated_at with server_default=func.now(),Audit column missing,Add updated_at column,M,P2,5,triangulated,L1,VERIFIED,Verify column exists,Apply migration,Revert migration,Domain data,none,,no
TF-251,db,NEW,,07_tables_fields.md,backend\domains\security\models\fraud.py:225,created_at missing server_default=func.now() (Law 21),server_default=func.now() for timestamps,Using Python-side default instead of DB-side,Change to server_default=func.now(),M,P2,5,triangulated,L1,VERIFIED,Verify column exists,Apply migration,Revert migration,Domain data,none,,no
TF-252,db,NEW,,07_tables_fields.md,backend\domains\security\models\fraud.py:209,Model missing created_at column,created_at with server_default=func.now(),Audit column missing,Add created_at column,M,P2,5,triangulated,L1,VERIFIED,Verify column exists,Apply migration,Revert migration,Domain data,none,,no
TF-253,db,NEW,,07_tables_fields.md,backend\domains\security\models\fraud.py:209,Model missing updated_at column,updated_at with server_default=func.now(),Audit column missing,Add updated_at column,M,P2,5,triangulated,L1,VERIFIED,Verify column exists,Apply migration,Revert migration,Domain data,none,,no
TF-254,db,NEW,,07_tables_fields.md,backend\domains\security\models\fraud.py:108,created_at missing server_default=func.now() (Law 21),server_default=func.now() for timestamps,Using Python-side default instead of DB-side,Change to server_default=func.now(),M,P2,5,triangulated,L1,VERIFIED,Verify column exists,Apply migration,Revert migration,Domain data,none,,no
TF-255,db,NEW,,07_tables_fields.md,backend\domains\security\models\fraud.py:178,created_at missing server_default=func.now() (Law 21),server_default=func.now() for timestamps,Using Python-side default instead of DB-side,Change to server_default=func.now(),M,P2,5,triangulated,L1,VERIFIED,Verify column exists,Apply migration,Revert migration,Domain data,none,,no
TF-256,db,NEW,,07_tables_fields.md,backend\domains\security\models\fraud.py:178,Model missing updated_at column,updated_at with server_default=func.now(),Audit column missing,Add updated_at column,M,P2,5,triangulated,L1,VERIFIED,Verify column exists,Apply migration,Revert migration,Domain data,none,,no
TF-257,db,NEW,,07_tables_fields.md,backend\domains\security\models\fraud.py:85,created_at missing server_default=func.now() (Law 21),server_default=func.now() for timestamps,Using Python-side default instead of DB-side,Change to server_default=func.now(),M,P2,5,triangulated,L1,VERIFIED,Verify column exists,Apply migration,Revert migration,Domain data,none,,no
TF-258,db,NEW,,07_tables_fields.md,backend\domains\security\models\fraud.py:357,created_at missing server_default=func.now() (Law 21),server_default=func.now() for timestamps,Using Python-side default instead of DB-side,Change to server_default=func.now(),M,P2,5,triangulated,L1,VERIFIED,Verify column exists,Apply migration,Revert migration,Domain data,none,,no
TF-259,db,NEW,,07_tables_fields.md,backend\domains\security\models\fraud.py:357,Model missing updated_at column,updated_at with server_default=func.now(),Audit column missing,Add updated_at column,M,P2,5,triangulated,L1,VERIFIED,Verify column exists,Apply migration,Revert migration,Domain data,none,,no
TF-260,db,NEW,,07_tables_fields.md,backend\domains\security\models\fraud.py:340,created_at missing server_default=func.now() (Law 21),server_default=func.now() for timestamps,Using Python-side default instead of DB-side,Change to server_default=func.now(),M,P2,5,triangulated,L1,VERIFIED,Verify column exists,Apply migration,Revert migration,Domain data,none,,no
TF-261,db,NEW,,07_tables_fields.md,backend\domains\security\models\fraud.py:163,Model missing created_at column,created_at with server_default=func.now(),Audit column missing,Add created_at column,M,P2,5,triangulated,L1,VERIFIED,Verify column exists,Apply migration,Revert migration,Domain data,none,,no
TF-262,db,NEW,,07_tables_fields.md,backend\domains\security\models\fraud.py:163,Model missing updated_at column,updated_at with server_default=func.now(),Audit column missing,Add updated_at column,M,P2,5,triangulated,L1,VERIFIED,Verify column exists,Apply migration,Revert migration,Domain data,none,,no
TF-263,db,NEW,,07_tables_fields.md,backend\domains\suppliers\models\suppliers.py:183,created_at missing server_default=func.now() (Law 21),server_default=func.now() for timestamps,Using Python-side default instead of DB-side,Change to server_default=func.now(),M,P2,5,triangulated,L1,VERIFIED,Verify column exists,Apply migration,Revert migration,Domain data,none,,no
TF-264,db,NEW,,07_tables_fields.md,backend\domains\suppliers\models\suppliers.py:111,created_at missing server_default=func.now() (Law 21),server_default=func.now() for timestamps,Using Python-side default instead of DB-side,Change to server_default=func.now(),M,P2,5,triangulated,L1,VERIFIED,Verify column exists,Apply migration,Revert migration,Domain data,none,,no
TF-265,db,NEW,,07_tables_fields.md,backend\domains\suppliers\models\suppliers.py:142,created_at missing server_default=func.now() (Law 21),server_default=func.now() for timestamps,Using Python-side default instead of DB-side,Change to server_default=func.now(),M,P2,5,triangulated,L1,VERIFIED,Verify column exists,Apply migration,Revert migration,Domain data,none,,no
TF-266,db,NEW,,07_tables_fields.md,backend\domains\suppliers\models\suppliers.py:263,Model missing updated_at column,updated_at with server_default=func.now(),Audit column missing,Add updated_at column,M,P2,5,triangulated,L1,VERIFIED,Verify column exists,Apply migration,Revert migration,Domain data,none,,no
TF-267,db,NEW,,07_tables_fields.md,backend\domains\suppliers\models\suppliers.py:263,User-facing table missing is_deleted column (Law 54),is_deleted boolean default false,Soft delete column missing,Add is_deleted column,M,P2,5,triangulated,L1,VERIFIED,Verify column exists,Apply migration,Revert migration,Domain data,none,,no
TF-268,db,NEW,,07_tables_fields.md,backend\domains\suppliers\models\suppliers.py:57,created_at missing server_default=func.now() (Law 21),server_default=func.now() for timestamps,Using Python-side default instead of DB-side,Change to server_default=func.now(),M,P2,5,triangulated,L1,VERIFIED,Verify column exists,Apply migration,Revert migration,Domain data,none,,no
TF-269,db,NEW,,07_tables_fields.md,backend\domains\suppliers\models\suppliers.py:57,"User-facing table missing country_code column (Law 5, 20)",country_code String(2) column on every user-facing table,Table missing country_code for RLS scoping,Add country_code column via migration,M,P1,5,triangulated,L1,VERIFIED,Verify column exists,Apply migration,Revert migration,Domain data,none,,yes
TF-270,db,NEW,,07_tables_fields.md,backend\domains\suppliers\models\suppliers.py:86,created_at missing server_default=func.now() (Law 21),server_default=func.now() for timestamps,Using Python-side default instead of DB-side,Change to server_default=func.now(),M,P2,5,triangulated,L1,VERIFIED,Verify column exists,Apply migration,Revert migration,Domain data,none,,no
TF-271,db,NEW,,07_tables_fields.md,backend\domains\suppliers\models\suppliers.py:86,"User-facing table missing country_code column (Law 5, 20)",country_code String(2) column on every user-facing table,Table missing country_code for RLS scoping,Add country_code column via migration,M,P1,5,triangulated,L1,VERIFIED,Verify column exists,Apply migration,Revert migration,Domain data,none,,yes
TF-272,db,NEW,,07_tables_fields.md,backend\domains\suppliers\models\suppliers.py:29,created_at missing server_default=func.now() (Law 21),server_default=func.now() for timestamps,Using Python-side default instead of DB-side,Change to server_default=func.now(),M,P2,5,triangulated,L1,VERIFIED,Verify column exists,Apply migration,Revert migration,Domain data,none,,no
ARCHTEST-001,testing,NEW,CLUSTER-missing-test,12_tests.md,backend/tests/architecture/test_schema_discipline.py:0,File does not exist,__table_args__ schema discipline test exists per mandatory checks,Missing test file means no automated gate for Law 6 schema discipline,"Create backend/tests/architecture/test_schema_discipline.py verifying __table_args__[""schema""] on all ORM models",S (0.5h),P0,5,multiple,L0,VERIFIED,ls backend/tests/architecture/test_schema_discipline.py,test_schema_discipline.py,N/A,Law 6 schema gate,ARCHTEST-002,none,yes
ARCHTEST-002,testing,NEW,CLUSTER-missing-test,12_tests.md,backend/tests/architecture/test_model_relocation.py:0,File does not exist,Model relocation test exists per mandatory checks,Missing test file means no automated gate verifying models reside in correct domains,Create backend/tests/architecture/test_model_relocation.py asserting each model's module matches its domain package,S (0.5h),P0,5,multiple,L0,VERIFIED,ls backend/tests/architecture/test_model_relocation.py,test_model_relocation.py,N/A,Model placement gate,ARCHTEST-001,none,yes
ARCHTEST-003,testing,NEW,CLUSTER-collection-blockage,12_tests.md,backend/tests/architecture/test_feature_catalog.py:42-77; config.py:280,3 of 4 catalog tests fail with pydantic ValidationError: SECRET_KEY must be at least 64 characters when importing rbac.catalog,Feature catalog tests pass under CI with valid SECRET_KEY,Indirect config validation blocks Law 4 feature catalog aggregation tests,Inject 64+ char SECRET_KEY before config.py loads in test environment or mock settings in test,S (0.5h),P0,5,multiple,L0,VERIFIED,cd backend && python -m pytest tests/architecture/test_feature_catalog.py -v 2>&1,test_feature_catalog.py,Revert SECRET_KEY workaround,Law 4 feature gate,ARCHTEST-009,none,yes
ARCHTEST-004,testing,NEW,CLUSTER-collection-blockage,12_tests.md,backend/tests/architecture/test_feature_catalog.py:48-59,test_every_domain_exposes_features_module fails: domains/media/features.py missing,Every domain package exposes domains/<domain>/features.py with FEATURES dict,"media domain lacks features.py, blocking Law 4 single-sourcing gate",Add domains/media/features.py with FEATURES dict or exclude media from domain scan if intentional,S (0.5h),P0,5,single,L0,VERIFIED,cd backend && python -m pytest tests/architecture/test_feature_catalog.py::TestFeaturesSingleSourced -v 2>&1,test_feature_catalog.py,Revert features.py addition,Law 4 feature gate,ARCHTEST-003,none,yes
ARCHTEST-005,testing,NEW,CLUSTER-collection-blockage,12_tests.md,backend/tests/architecture/test_allowlist_shrinks.py:78-80,DOMAIN_ALLOWLIST.yaml has 0 entries per _entry_count heuristic; test fails with AssertionError: 0 > 0,DOMAIN_ALLOWLIST.yaml contains 23 allowlist entries in source/target/symbols YAML format,"_entry_count() requires ""->"" in line but current YAML uses source:/target: format; heuristic is broken","Update _entry_count to detect YAML list entries under cross_domain_imports (count lines starting with ""  - source:"")",S (0.5h),P0,5,single,L0,VERIFIED,cd backend && python -m pytest tests/architecture/test_allowlist_shrinks.py -v 2>&1,test_allowlist_shrinks.py,Revert _entry_count fix,Law 7 allowlist gate,none,none,yes
ARCHTEST-006,testing,NEW,CLUSTER-test-quality,12_tests.md,backend/tests/test_architecture_gates.py:304-313; backend/tests/architecture/test_architecture_gates.py:336-352,1 of 7 architecture gate tests fails: TestAppBoot::test_app_loads_and_mounts_remediated_routes fails with SECRET_KEY validation error,All architecture gate tests pass,Indirect config validation blocks app boot gate (same root cause as ARCHTEST-003),Fix SECRET_KEY injection in conftest.py to unblock app boot test,S (0.5h),P1,5,multiple,L0,VERIFIED,cd backend && python -m pytest tests/test_architecture_gates.py -v 2>&1,test_architecture_gates.py,Revert SECRET_KEY workaround,W1 router/controller/service gate,ARCHTEST-003,none,partial
ARCHTEST-007,testing,NEW,CLUSTER-collection-blockage,12_tests.md,backend/tests/architecture/test_country_staff_seed.py:28-55,3 of 4 seed tests fail with SECRET_KEY validation error when importing infrastructure.database.seed,Country staff seed tests pass under CI with valid SECRET_KEY,Indirect config validation blocks Law 5 seed data verification tests,Fix SECRET_KEY injection in conftest.py to unblock seed tests,S (0.5h),P1,5,multiple,L0,VERIFIED,cd backend && python -m pytest tests/architecture/test_country_staff_seed.py -v 2>&1,test_country_staff_seed.py,Revert SECRET_KEY workaround,Law 5 country-isolation gate,ARCHTEST-003,none,partial
ARCHTEST-008,testing,NEW,CLUSTER-import-direction,12_tests.md,backend/tests/system/test_import_direction_all_packages.py:621-676,3 of 6 import-direction tests fail: domains/infrastructure test files import rbac/providers; modules test files import __future__/sys/_ast_helpers,All lower-layer import-direction tests pass,tests/infrastructure/test_redis_integration.py and tests/infrastructure/test_storage_r2.py import forbidden layers rbac/providers; modules test files import stdlib not in allowed roots,Exclude tests/ subdirectories from import-direction scan or add test-file exclusion to layer scanners,S (1h),P1,5,single,L0,VERIFIED,cd backend && python -m pytest tests/system/test_import_direction_all_packages.py -v 2>&1,test_import_direction_all_packages.py,Revert test exclusion,Law 1/97-106 import gate,none,none,no
ARCHTEST-009,testing,NEW,CLUSTER-collection-blockage,12_tests.md,backend/tests:1,"4251 tests collected / 9 collection errors: SECRET_KEY validation (2), HAS_BANK_API missing (1), CircuitBreakerRegistry missing (1), payments module missing (2), law-not-implemented assertion (1), domains/infrastructure import direction (2)",pytest --collect-only passes with zero errors (Law 71),"9 test modules cannot be imported at collection time, blocking CI","Fix underlying import errors: SECRET_KEY, HAS_BANK_API, CircuitBreakerRegistry, payments module, law-not-implemented assertion, test import-direction exclusions",M (3h),P1,5,multiple,L0,VERIFIED,cd backend && python -m pytest --collect-only 2>&1,tests/analytics/test_analytics_service.py; tests/architecture/test_rls_runtime.py; tests/domains/test_circuit_breaker.py; tests/finance/test_circuit_breaker.py; tests/finance/test_payment_idempotency.py; tests/architecture/test_law271_through_law295.py,Revert conftest.py and import fixes,"CI pipeline, all downstream tests","ARCHTEST-003,ARCHTEST-005,ARCHTEST-008",none,yes
ARCHTEST-011,testing,NEW,CLUSTER-test-duplication,12_tests.md,backend/tests/test_architecture_gates.py:1-313; backend/tests/architecture/test_architecture_gates.py:1-354,Identical architecture gate tests exist in both backend/tests/ and backend/tests/architecture/,Single source of truth for architecture gate tests,Duplicate test files risk drift; CI references different paths in different workflows,Consolidate to backend/tests/architecture/test_architecture_gates.py and update CI references; remove duplicate,S (0.5h),P2,5,single,L0,VERIFIED,diff backend/tests/test_architecture_gates.py backend/tests/architecture/test_architecture_gates.py,backend/tests/test_architecture_gates.py,Revert consolidation,Test maintenance,none,none,no
COLLECT-001,testing,COMPILED,CLUSTER-collection-import-failure,12_tests_collection_verify.md,tests/domains/test_circuit_breaker.py:7,ModuleNotFoundError: No module named 'infrastructure.utils.circuit_breaker',Test module imports resolve under backend package layout,Missing module path prevents test collection,Add missing infrastructure/utils/circuit_breaker.py module or correct import path in test,S,P0,5,triangulated,L1,VERIFIED,cd backend && pytest --collect-only,tests/domains/test_circuit_breaker.py,Revert test import change,"COLLECT-002, COLLECT-003",none,COLLECT-004,yes
COLLECT-002,testing,COMPILED,CLUSTER-collection-import-failure,12_tests_collection_verify.md,tests/finance/test_circuit_breaker.py:1,ModuleNotFoundError: No module named 'domains.finance.services.payments',Test module imports resolve under backend package layout,Missing module path prevents test collection,Add missing domains/finance/services/payments/ module or correct import path in test,S,P0,5,triangulated,L1,VERIFIED,cd backend && pytest --collect-only,tests/finance/test_circuit_breaker.py,Revert test import change,"COLLECT-001, COLLECT-003",none,COLLECT-004,yes
COLLECT-003,testing,COMPILED,CLUSTER-collection-import-failure,12_tests_collection_verify.md,tests/finance/test_payment_idempotency.py:5,ModuleNotFoundError: No module named 'domains.finance.services.payments',Test module imports resolve under backend package layout,Missing module path prevents test collection,Add missing domains/finance/services/payments/ module or correct import path in test,S,P0,5,triangulated,L1,VERIFIED,cd backend && pytest --collect-only,tests/finance/test_payment_idempotency.py,Revert test import change,"COLLECT-001, COLLECT-002",none,COLLECT-004,yes
COLLECT-004,testing,COMPILED,—,12_tests_collection_verify.md,backend/tests/ (collection),3 collection errors during pytest --collect-only,Collection succeeds with zero errors,Collection failure is a P0 project completion blocker per PROMPT_FORENSIC_AUDIT.md §0.11,Resolve underlying import errors in COLLECT-001 through COLLECT-003,S,P0,5,triangulated,L1,VERIFIED,cd backend && pytest --collect-only,—,N/A,"CI pipeline, test suite reliability","COLLECT-001, COLLECT-002, COLLECT-003",—,yes
D2P-001,infra,NEW,CLUSTER-missing-ci,13_dev_to_prod.md,.github/workflows,No CI workflows in .github/workflows/,"ci.yml, schema-drift.yml, docs-drift.yml, e2e.yml, import-lint.yml, integration.yml present and passing","CI/CD pipeline does not exist; no automated tests, schema checks, or deployment gates run on push","Create .github/workflows/ with ci.yml, schema-drift.yml, docs-drift.yml, e2e.yml, import-lint.yml, integration.yml",L (8h),P0,5,single,L0,VERIFIED,`ls .github/workflows/*.yml` returns 6 files,tests/ci/test_workflows_present.py,`git rm .github/workflows/*.yml`,"Deployment path, quality gates",none,D2P-003,yes
D2P-002,infra,NEW,CLUSTER-missing-changelog,13_dev_to_prod.md,. (root),No CHANGELOG.md at repository root,CHANGELOG.md present with Keep a Changelog format and Unreleased section,Release notes mechanism absent; no changelog enforcement possible without CI,Create CHANGELOG.md with Keep a Changelog format and ## [Unreleased] section,S (0.5h),P1,5,single,L0,VERIFIED,`Test-Path CHANGELOG.md` returns True,tests/docs/test_changelog_present.py,`git rm CHANGELOG.md`,Release process,none,none,no
D2P-003,infra,NEW,CLUSTER-missing-runbooks,13_dev_to_prod.md,. (root),"No runbook, incident response, or ON-CALL documentation","Runbooks per alert, incident response procedures, ON-CALL rotation docs","Operational procedures for deployment failures, rollback, database issues, and payment failures are not codified","Create runbooks for deploy failure, rollback, DB outage, payment gateway failure; add ON-CALL rotation doc",M (3h),P1,5,single,L0,VERIFIED,`ls *_runbook.md incident_response.md ONCALL.md` returns files,tests/docs/test_runbooks_present.py,`git rm docs/runbooks/`,"Incident response, deployment recovery",none,none,no
D2P-004,infra,NEW,—,13_dev_to_prod.md,docker-compose.prod.yml:64-69,update_config present but no rollback_config or stop_grace_period,Rolling deploy with rollback_config and stop_grace_period for zero-downtime recovery,Deploy can proceed but rollback on failure may drop in-flight requests without graceful shutdown window,Add rollback_config: parallelism: 1 and stop_grace_period: 30s to backend service deploy section,S (0.5h),P1,5,single,L0,VERIFIED,`docker compose -f docker-compose.prod.yml config` parses,tests/infrastructure/test_rolling_deploy.py,`git revert <commit>`,Zero-downtime deploys,none,none,partial
D2P-005,infra,NEW,—,13_dev_to_prod.md,backend/Dockerfile.prod:1-28,Single-stage build; no HEALTHCHECK; no PYTHONUNBUFFERED; no gunicorn --workers,"Multi-stage Dockerfile with HEALTHCHECK, PYTHONUNBUFFERED=1, and gunicorn --workers 4","Production image lacks container health visibility, unbuffered logs, and multi-worker process manager","Refactor to multi-stage: builder installs deps, runner copies installed package; add HEALTHCHECK, PYTHONUNBUFFERED, and --workers 4",M (3h),P1,5,single,L0,VERIFIED,`docker inspect --format='{{.Config.Healthcheck}}' <image>` returns healthcheck,tests/infrastructure/test_prod_image.py,`git revert <commit>`,"Production throughput, observability, log visibility",none,D2P-004,partial
D2P-006,infra,NEW,—,13_dev_to_prod.md,. (root),No Coolify configuration in repository,Coolify config present or deployment path documented for Coolify,"Deployment target is unclear; no Coolify config, no Kubernetes manifests, no Terraform",Document deployment target and path; add Coolify env-var mapping or alternative IaC,M (3h),P0,5,single,L0,VERIFIED,`ls coolify* .coolify* k8s/ terraform/` returns nothing,tests/infra/test_deploy_target.py,`git rm .coolify/`,Deployment automation,none,D2P-001,yes
D2P-008,infra,NEW,—,13_dev_to_prod.md,docker-compose.prod.yml:38-62,All secrets passed as env vars from Coolify,"Secrets injected via Coolify env vars, never in compose file",Compose file references ${SECRET_KEY} etc. but source is Coolify; verify no hardcoded values,Audit docker-compose.prod.yml for hardcoded secrets; all values must be ${VAR} placeholders,S (0.5h),P2,5,single,L0,VERIFIED,"`grep -rn ""[A-Z0-9]\{20,\}"" docker-compose.prod.yml` returns nothing",tests/security/test_no_hardcoded_secrets.py,`git revert <commit>`,Secret exposure,none,none,no
D2P-009,infra,NEW,—,13_dev_to_prod.md,monitoring/alerts.yml:1-49,"5 alert rules defined (DB pool, 5xx rate, latency, Sentry errors, slow queries)",Alert rules per alert with runbook link in annotations,Alerts fire but operators have no linked runbook for response,Add runbook_url annotation to each alert rule linking to docs/runbooks/,S (0.5h),P2,4,single,L1,VERIFIED,"`grep ""runbook_url"" monitoring/alerts.yml` returns 5 matches",tests/monitoring/test_alert_runbook_links.py,`git revert <commit>`,Incident response,none,D2P-003,no
D2P-010,infra,NEW,—,13_dev_to_prod.md,backend/scripts/pg_backup.py:1-1934,"pg_backup.py exists with backup, verify, restore, restore-drill, rotation, R2 upload",Backup and restore tested weekly with documented results,Backup script exists but no evidence of scheduled execution or restore drill results,Schedule pg_backup.py via Celery Beat or cron; log restore drill results to monitoring,S (0.5h),P2,3,single,L1,ASSUMED,"`grep ""pg_backup"" monitoring/docker-compose.monitoring.yml` returns nothing",tests/infrastructure/test_backup_scheduled.py,`git revert <commit>`,Data loss recovery,none,none,no
D2P-011,infra,NEW,—,13_dev_to_prod.md,monitoring/docker-compose.monitoring.yml:89-117,Self-hosted Sentry container configured,GlitchTip or Sentry configured and tested,"Error tracking uses Sentry self-hosted, not GlitchTip as required by audit scope",Verify Sentry DSN in production; alternatively configure GlitchTip if mandated,S (0.5h),P3,5,single,L0,VERIFIED,`docker compose -f monitoring/docker-compose.monitoring.yml ps sentry` returns running,tests/observability/test_error_tracking.py,`git revert <commit>`,Error visibility,none,none,no
D2P-012,infra,NEW,—,13_dev_to_prod.md,docker-compose.prod.yml:64-69,Backend replicas: 3 with start-first update order,Zero-downtime rolling deploy with pre-traffic health check,Replicas exist but no explicit pre-traffic health gate before routing traffic,Add load balancer health check or Coolify pre-deploy hook calling /health/ready,S (0.5h),P3,4,single,L1,VERIFIED,"`grep ""healthcheck"" docker-compose.prod.yml` returns 1 match",tests/infrastructure/test_pre_traffic_health.py,`git revert <commit>`,Deployment safety,none,D2P-004,partial
D2P-DOCKER-001,infra,NEW,CLUSTER-missing-celery-prod,13_dev_to_prod_docker_verify.md,docker-compose.prod.yml:1-112,"No Celery workers, no Beat scheduler defined",Dev compose has 4 workers + Beat; prod must have equivalent services for background jobs,Celery workers are completely absent from production compose,"Add celery-worker-ml, celery-worker-periodic, celery-worker-payouts, celery-worker-emails, and celery-beat to docker-compose.prod.yml",L (8h),P0,5,triangulated,L0,VERIFIED,docker compose -f docker-compose.prod.yml config,tests/integration/test_celery_workers.py,git revert <commit>,"All background jobs, email, ML, payouts, periodic tasks",none,D2P-DOCKER-002,yes
D2P-DOCKER-002,infra,NEW,CLUSTER-valkey-version-drift,13_dev_to_prod_docker_verify.md,docker-compose.prod.yml:97,valkey:8-alpine,TECHNOLOGY_STACK.md specifies Valkey 9.0.6+,Valkey 8 in production contradicts canonical version 9.0.6+,Update valkey image to valkey:9.0-alpine in docker-compose.prod.yml,S (0.5h),P0,5,single,L0,VERIFIED,docker compose -f docker-compose.prod.yml ps valkey,tests/infrastructure/test_valkey_version.py,git revert <commit>,"Cache, sessions, rate-limit, event bus, Celery broker",D2P-DOCKER-001,D2P-DOCKER-003,yes
D2P-DOCKER-003,infra,NEW,CLUSTER-missing-coolify-config,13_dev_to_prod_docker_verify.md,. (root),No Coolify configuration file exists,Coolify is canonical deployment layer (TECHNOLOGY_STACK.md L-272); requires codified config,Coolify deployment cannot be reproduced without manual UI steps,Create Coolify configuration or document Coolify service setup in SETUP.md,M (3h),P0,4,single,L0,VERIFIED,Coolify UI service list matches expected services,tests/infra/test_coolify_config.py,git revert <commit>,All production deployments,none,D2P-DOCKER-004,yes
D2P-DOCKER-004,infra,NEW,CLUSTER-local-postgres-in-dev,13_dev_to_prod_docker_verify.md,docker-compose.yml:3-18,Local postgres:18-alpine container,TECHNOLOGY_STACK.md L-41: Never run a local Postgres container,Dev compose violates canonical Neon-only database policy,Remove local db service; configure dev to use Neon branch via DATABASE_URL,M (3h),P1,5,single,L0,VERIFIED,docker compose config shows no postgres service,tests/architecture/test_deployment_topology.py,git revert <commit>,Local dev environment,D2P-DOCKER-003,none,partial
D2P-DOCKER-005,infra,RESOLVED,CLUSTER-healthcheck-fails-open,13_dev_to_prod_docker_verify.md,backend/config.py:139-141,"readiness_require_valkey, readiness_require_email, readiness_require_payments default to False",/health/ready must fail closed when critical deps are down,Readiness probe returns 200 even when Redis/email/payments are unavailable,"Set readiness_require_valkey=true, readiness_require_email=true, readiness_require_payments=true in production config",S (0.5h),P1,5,single,L0,VERIFIED,curl /health/ready returns 503 when valkey is down,tests/domains/test_health.py::test_health_ready,git revert <commit>,"Load balancer routing, auto-recovery",none,D2P-DOCKER-006,partial
D2P-DOCKER-006,infra,NEW,CLUSTER-missing-graceful-shutdown,13_dev_to_prod_docker_verify.md,backend/Dockerfile.prod:28,"No STOPSIGNAL, no pre-stop hook, no graceful shutdown config","Law 80: graceful shutdown disposes DB engine, cache client, workers",Container kill may leak connections and drop in-flight requests,"Add STOPSIGNAL SIGTERM, ensure Gunicorn graceful timeout, add pre-stop hook in Coolify",M (2h),P1,4,single,L0,VERIFIED,docker stop <container> triggers graceful shutdown,tests/infrastructure/test_graceful_shutdown.py,git revert <commit>,All services on deploy/restart,D2P-DOCKER-005,none,partial
D2P-DOCKER-007,infra,NEW,—,13_dev_to_prod_docker_verify.md,docker-compose.prod.yml:46-54,"No stop_grace_period, no update_config, no rollback_config",Zero-downtime rolling deploy requires update_config and rollback_config in Swarm,Rolling deploy may fail or drop connections during updates,"Add stop_grace_period: 30s, update_config: parallelism: 1, delay: 10s, rollback_config: parallelism: 1 to backend deploy section",S (0.5h),P2,3,single,L0,VERIFIED,docker stack deploy --prune dry-run,tests/infrastructure/test_rolling_deploy.py,git revert <commit>,Zero-downtime deploys,none,none,no
D2P-DOCKER-008,tech,NEW,—,13_dev_to_prod_docker_verify.md,"frontend/web_app/Dockerfile:12,15",Uses npm ci --legacy-peer-deps and npm start,TECHNOLOGY_STACK.md L-182: pnpm 10.x+ is canonical package manager,"Frontend build uses npm instead of pnpm, risking workspace resolution issues",Replace npm commands with pnpm equivalents,S (1h),P2,5,single,L0,VERIFIED,docker build output shows pnpm in use,tests/frontend/test_docker_build.py,git revert <commit>,Frontend image build,none,none,no
D2P-DOCKER-009,infra,NEW,—,13_dev_to_prod_docker_verify.md,docker-compose.yml:1-190,"No log aggregation, no Loki, no Fluentd, no log driver config",TECHNOLOGY_STACK.md L-138: Loki optional in v1; Coolify container logs preferred first,Logs are not aggregated or structured for production debugging,Configure Loki sidecar or Coolify log drain; add logging driver config to compose,M (3h),P2,3,single,L0,VERIFIED,Loki query returns container logs,tests/infrastructure/test_log_aggregation.py,git revert <commit>,"Observability, incident response",none,none,no
D2P-DOCKER-010,infra,NEW,—,13_dev_to_prod_docker_verify.md,docker-compose.yml:1-190,No restart policy on any service,Production services need restart: unless-stopped for resilience,Services won't auto-recover after host reboot or crash,Add restart: unless-stopped to all services in docker-compose.yml,S (0.5h),P2,4,single,L0,VERIFIED,docker compose up -d then restart daemon,tests/infrastructure/test_restart_policy.py,git revert <commit>,Dev environment resilience,none,none,no
D2P-DOCKER-012,infra,NEW,—,13_dev_to_prod_docker_verify.md,"backend/Dockerfile:1-32, backend/Dockerfile.prod:1-28","No multi-stage build; copies entire source including __pycache__, .venv, dev files",Multi-stage Docker reduces image size and attack surface,"Larger images, longer deploy times, dev files in prod image","Refactor to multi-stage: builder stage installs deps, runner stage copies only installed package + code",M (3h),P3,4,single,L0,VERIFIED,docker images shows smaller backend image,tests/infrastructure/test_image_size.py,git revert <commit>,"Image size, security posture",none,none,no
D2P-DOCKER-014,infra,NEW,—,13_dev_to_prod_docker_verify.md,docker-compose.prod.yml:1-112,No secrets management via Docker secrets or Coolify env var references,Coolify manages secrets via env vars; production secrets should not be in .env files,Secrets may be committed or exposed in Coolify UI if not codified,Document Coolify env var setup for all SECRET_* keys in SETUP.md,S (1h),P3,3,single,L1,INFERRED,Coolify UI shows env var source (not value),tests/infra/test_secrets_management.py,git revert <commit>,Secret exposure risk,none,none,no
---,---,---,---,15_frontend_mobile.md,---,---,---,---,---,---,---,---,---,---,---,---,---,---,---,---,---,---
MOB-001,mobile,NEW,CLUSTER-ota-disabled,15_frontend_mobile.md,android/app/src/main/AndroidManifest.xml:17,`expo.modules.updates.ENABLED=false`,`expo-updates` installed and ENABLED=true per TECHNOLOGY_STACK.md §16,OTA updates are explicitly disabled in the Android manifest; no `expo-updates` package in package.json,Set ENABLED=true; add `expo-updates` to dependencies; configure `runtimeVersion` policy,M (2h),P1,5,single,L0,VERIFIED,`expo-updates` present in `npm ls`,Add unit test asserting `Updates.checkForUpdateAsync()` does not throw,Revert manifest meta-data and remove package,"All hotfix delivery, crash recovery without store review",none,MOB-002,yes
MOB-002,mobile,NEW,CLUSTER-ota-disabled,15_frontend_mobile.md,_most_imp_docx/TECHNOLOGY_STACK.md:248,"`expo-updates` listed as ""Always"" for OTA JS bundle updates",`expo-updates` absent from `frontend/mobile_app/package.json` dependencies,"Declared in TECHNOLOGY_STACK.md but not installed; contradicts the ""Always"" recommendation",Install `expo-updates`; wire `Updates.checkForUpdateAsync()` in `_layout.tsx`,M (2h),P1,5,single,L0,VERIFIED,`npm ls expo-updates` returns version,Add `expo-updates` to package.json dependencies,Remove from package.json,"OTA hotfix capability, crash recovery",none,MOB-001,yes
MOB-003,mobile,NEW,CLUSTER-offline-gap,15_frontend_mobile.md,frontend/mobile_app/lib/api.ts:238,In-memory GET cache with 60 s TTL for deduplication,`@react-native-community/netinfo` for connectivity detection; persistent offline queue per ARCHITECTURE_STACK.md §3 mobile_app/lib,No offline connectivity detection; mutations fail silently when network is unavailable; no queue-and-retry,Add `@react-native-community/netinfo`; gate mutations on connectivity; implement queue-and-retry,M (3h),P2,4,single,L0,VERIFIED,Toggle airplane mode; verify mutation shows user-facing error,Add test mocking NetInfo.disconnect,Remove netinfo dependency and queue code,"Order submission, cart mutations, checkout",none,MOB-004,no
MOB-004,mobile,NEW,CLUSTER-offline-gap,15_frontend_mobile.md,frontend/mobile_app/app/_layout.tsx:153,`PushTokenSync` registers token on login only,Offline-aware push registration with retry; token re-registration on connectivity restore,No offline detection; push token registration silently dropped when device is offline at login,Wrap `registerPushToken` in retry triggered by NetInfo connectivity event,S (1h),P3,4,single,L0,VERIFIED,Airplane mode on first launch; observe no token registered after restoring connectivity,Add test with NetInfo mock,Remove NetInfo listener,Push notification delivery,MOB-003,none,no
MOB-005,mobile,NEW,CLUSTER-social-stubs,15_frontend_mobile.md,frontend/mobile_app/lib/authStore.ts:107,"`loginWithGoogle` throws ""Google sign-in not configured"" error",Functional Google Sign-In with `expo-auth-session` + `@react-native-google-signin/google-signin`,Native Google and Facebook sign-in are placeholder stubs; calling them raises a runtime error,Install and wire Google and Facebook native SDKs; remove throw stubs,L (6h),P2,5,single,L0,VERIFIED,"Tap ""Sign in with Google"" in app; verify Google account picker appears",Add Detox test for Google sign-in flow,Revert to stubs; disable social buttons in UI,Social login conversion rate,none,MOB-006,no
MOB-006,mobile,NEW,CLUSTER-social-stubs,15_frontend_mobile.md,frontend/mobile_app/lib/socialAuth.ts:139,"Facebook and Apple throw ""not available in this environment yet""",Functional Facebook Sign-In with `@react-native-fbsdk-next`; Apple Sign-In with `expo-apple-authentication`,"All three social providers (Google, Facebook, Apple) are non-functional on native; only Google GSI works on web",Install and wire Facebook and Apple native SDKs,L (8h),P3,4,single,L0,VERIFIED,Attempt Facebook/Apple sign-in on device; verify provider screen appears,Add test per provider,Revert to stubs,Social login coverage,MOB-005,none,no
MOB-007,mobile,NEW,none,15_frontend_mobile.md,frontend/mobile_app/package.json:20,`@stripe/stripe-react-native: ^0.50.0` listed in dependencies,TECHNOLOGY_STACK.md §15 declares `@stripe/react-stripe-js` 6.9.0 (web) + Stripe Elements; mobile uses web redirect per checkout.tsx:94,"Mobile has the native Stripe SDK installed but checkout.tsx uses a web redirect for card payment (""Redirects to the web app for secure card checkout"") — contradictory strategy",Choose one strategy: either wire native Stripe SDK (remove web redirect) or remove native SDK dependency,M (3h),P2,4,single,L0,VERIFIED,Verify card payment opens in-app webview vs native SDK flow,Test checkout with card method,Revert to prior strategy,"Card payment UX, PCI scope",none,none,no
MOB-008,mobile,NEW,none,15_frontend_mobile.md,frontend/mobile_app/lib/paymentService.ts:121,"`processTapPayment` uses `require(""@tap-as/sdk-react-native"")` dynamic require","`@tap-as/sdk-react-native`, `@paytabs/react-native-paytabs`, `@thawani/rn-sdk` listed in package.json","Three payment SDK packages are dynamically required but not listed in package.json; they will crash with ""module not found"" at runtime if invoked","Either install the SDKs and register them, or remove the native SDK wrappers and use hosted redirect only",M (3h),P2,4,single,L0,VERIFIED,Trigger Tap payment on device; observe module-not-found error,Add test mocking each SDK require,Remove SDK wrapper functions,"Regional payment (Tap, PayTabs, Thawani)",none,none,no
MOB-009,mobile,NEW,none,15_frontend_mobile.md,frontend/mobile_app/e2e/,Playwright `.spec.ts` and `.e2e.js` files; `.detoxrc.js` present but no Detox test specs,"TECHNOLOGY_STACK.md §16 declares `Detox 20.0.0+` for ""all mobile critical paths""",Detox is configured (`.detoxrc.js` present) but zero Detox test specs exist; only Playwright web-viewport tests exercise the mobile web build,"Write Detox specs for login, browse, add-to-cart, checkout critical paths; configure CI to run `detox test`",L (8h),P2,4,single,L0,VERIFIED,`ls e2e/*.test.ts` — no Detox specs; only `.spec.ts` (Playwright),Add `e2e/auth.test.ts` (Detox format),None needed,Mobile E2E regression safety net,none,none,no
FEAT-001,logic,NEW,CLUSTER-money-type-mix,16_features.md,backend/domains/orders/services/orders_service.py:142,Cart totals use `float` for subtotal in `item.price * item.quantity`,"All monetary math must use `Decimal` (Laws 19, 227)",Float arithmetic in cart totals path,Cast to Decimal before multiplication; use `kernel.money.round_money`,M (2h),P0,5,triangulated,L0,VERIFIED,`pytest tests/domains/test_orders.py`,tests/domains/test_orders.py::test_cart_totals_decimal,git revert,"F-001, F-004, CHAIN-001",none,FEAT-014,yes
FEAT-002,logic,NEW,CLUSTER-money-type-mix,16_features.md,backend/domains/orders/services/orders_service.py:309,"`round(safe_unit_price * max(quantity_value, 0), 2)` uses float","Monetary rounding must use `Decimal.quantize` (Laws 19, 227)",Float-based rounding in order list serialization,Use `Decimal.quantize(Decimal('0.01'))` for all money fields,M (2h),P0,5,triangulated,L0,VERIFIED,`pytest tests/domains/test_orders.py`,tests/domains/test_orders.py::test_order_serialization,git revert,"F-001, F-004",none,FEAT-014,yes
FEAT-003,logic,NEW,CLUSTER-money-type-mix,16_features.md,backend/domains/catalog/services/products/products_service.py:132,`float(product.price)` serialization drops Decimal precision,"Serialize Decimal as string or use `kernel.money` helpers (Laws 19, 227)",Precision loss in product price serialization,Serialize prices via `str(product.price)` or kernel money formatter,M (2h),P0,5,triangulated,L0,VERIFIED,`pytest tests/domains/test_catalog.py`,tests/domains/test_catalog.py::test_product_serialization,git revert,"F-002, F-005",none,FEAT-014,yes
FEAT-004,logic,NEW,CLUSTER-inventory-held,16_features.md,backend/domains/finance/services/payments/payment_engine.py:259,`INVENTORY_HELD_STATUSES` defined but no inventory release/claim flow found,Inventory must be released on cancel/refund and claimed on confirm (Law 50),Missing inventory claim/release on order status transitions,Add `claim_inventory` on confirmed→processing and `release_inventory` on cancelled/refunded,L (8h),P0,4,multiple,L0,VERIFIED,`pytest tests/domains/test_orders.py`,tests/domains/test_orders.py::test_inventory_claim_release,git revert,"F-001, CHAIN-001",FEAT-001,FEAT-014,yes
FEAT-005,db,NEW,CLUSTER-schema-discipline,16_features.md,backend/domains/finance/models/payments.py:34,`payments` table in `finance` schema but `PaymentGatewayConnection.credentials` stores secrets as plain JSON,"Payment credentials must be encrypted via `field_encryption.py` (Laws 32, 120a, 123)",Plaintext credential storage in payment gateway model,"Encrypt `credentials`, `secret_key`, `webhook_secret` columns via AES-256-GCM before persist",L (8h),P0,5,triangulated,L0,VERIFIED,`pytest tests/domains/test_finance.py`,tests/domains/test_finance.py::test_gateway_credentials_encrypted,data migration,"F-004, CHAIN-005",none,FEAT-014,yes
FEAT-006,security,NEW,CLUSTER-webhook-verify,16_features.md,backend/domains/finance/services/payments/payment_engine.py:148,"`stripe.api_key = str(getattr(settings, ""stripe_secret_key"", """") or """").strip()` at module level","Secrets must not be set at import time; use runtime resolution (Laws 32, 85)",Module-level secret assignment creates import-time side effects,Resolve API key inside each gateway call; never at module scope,M (3h),P1,5,triangulated,L0,VERIFIED,`pytest tests/domains/test_finance.py`,tests/domains/test_finance.py::test_no_secret_at_import,git revert,"F-005, CHAIN-005",none,FEAT-014,no
FEAT-007,logic,NEW,CLUSTER-idempotency,16_features.md,backend/domains/finance/services/payments/payment_engine.py:103,`_PAYMENT_IDEMPOTENCY_TTL = 86400` hardcoded,Idempotency window should be configurable per gateway (Law 50),Hardcoded idempotency TTL,Move TTL to config with per-gateway override,S (1h),P2,4,multiple,L0,VERIFIED,`pytest tests/finance/test_payment_idempotency_logging.py`,tests/finance/test_payment_idempotency_logging.py,git revert,F-007,none,none,no
FEAT-008,security,NEW,CLUSTER-rbac-gate,16_features.md,backend/modules/customer/routers/orders.py:58,"`get_cart` uses `require_feature(""customers.cart.manage"")`",All protected endpoints must have feature gate (Law 88),Feature gate present — compliant,None,—,—,5,single,L0,VERIFIED,—,—,—,—,—,—,no
FEAT-009,logic,NEW,CLUSTER-order-math,16_features.md,backend/modules/customer/routers/orders.py:142,`subtotal = sum(item.price * item.quantity for item in body.items)` uses float,"Server-side cart totals must use Decimal (Laws 19, 227)",Float math in cart totals endpoint,Convert to Decimal via `kernel.money.to_decimal` before arithmetic,M (2h),P0,5,triangulated,L0,VERIFIED,`pytest tests/domains/test_orders.py`,tests/domains/test_orders.py::test_cart_totals_decimal,git revert,"F-001, CHAIN-001",FEAT-001,FEAT-014,yes
FEAT-010,logic,NEW,CLUSTER-tax-calculation,16_features.md,backend/modules/customer/routers/orders.py:175,"`calculate_tax(float(after_discount), country_code, db)` passes float","Tax calculation must accept Decimal (Laws 19, 227)",Float input to tax calculation,Pass Decimal to `calculate_tax`; update function signature,M (2h),P0,4,multiple,L0,VERIFIED,`pytest tests/domains/test_orders.py`,tests/domains/test_orders.py::test_cart_totals_tax,git revert,"F-001, F-009",FEAT-009,FEAT-014,yes
FEAT-011,logic,NEW,CLUSTER-return-refund,16_features.md,backend/domains/orders/services/returns/service.py:388,Auto-issue refund on `completed` status without double-auth,"Refund action requires explicit `refund` intent, not auto-on-complete (Law 50)",Refund triggered by status change without separate authorization,Gate refund behind explicit `refund` action; require `finance.ledger.write`,M (3h),P1,4,multiple,L0,VERIFIED,`pytest tests/domains/test_orders.py`,tests/domains/test_orders.py::test_return_refund_authorization,git revert,"F-011, CHAIN-003",none,FEAT-014,partial
FEAT-012,logic,NEW,CLUSTER-commission-engine,16_features.md,backend/domains/catalog/services/commission_engine.py:189,"`amount = (context.gross_amount * rate) / Decimal(""100"")` — correct Decimal usage","Commission waterfall must also validate cap precision (Laws 19, 227)",Cap applied via `>` rather than `>=` allowing edge-case overage,Use `>=` for cap comparison; quantize to 2 decimals,S (1h),P2,4,multiple,L0,VERIFIED,`pytest tests/domains/test_catalog.py`,tests/domains/test_catalog.py::test_commission_cap_precision,git revert,F-012,none,none,no
FEAT-013,db,NEW,CLUSTER-rls-context,16_features.md,backend/domains/catalog/services/categories/admin_categories_service.py:36,"`set_rls_context({country_code.upper()}, is_restricted=True)` uses set with single country",RLS context must match Law 5: `SET LOCAL app.country_code = :cc` per query dimension,Set-based RLS context may not match expected scalar binding,Verify `set_rls_context` implementation binds scalar; add integration test,M (3h),P1,4,multiple,L0,VERIFIED,`pytest tests/architecture/test_law5_country_scope.py`,tests/architecture/test_law5_country_scope.py,git revert,"F-013, CHAIN-001",none,FEAT-014,partial
FEAT-014,security,NEW,CLUSTER-auth-rate-limit,16_features.md,backend/domains/accounts/services/auth/auth_service.py:97,Login rate limit enforced at 5 attempts/60s with fail-closed Valkey,Rate limiting must fail closed when Valkey unreachable (Law 37),Fail-closed implemented correctly,None,—,—,5,single,L0,VERIFIED,`pytest tests/domains/test_auth.py`,tests/domains/test_auth.py::test_login_rate_limit,—,—,—,—,no
FEAT-015,logic,NEW,CLUSTER-country-tax,16_features.md,backend/domains/country/models/countries.py:56,"`tax_rate = Column(Numeric(5, 4), default=Decimal('0.0000'))` on CountryConfig",Tax rate must be per-country and applied at checkout (Law 5),Tax fields present on CountryConfig,None,—,—,5,single,L0,VERIFIED,`pytest tests/domains/test_countries.py`,tests/domains/test_countries.py::test_country_tax_rate,—,—,—,—,no
FEAT-016,logic,NEW,CLUSTER-promotion-engine,16_features.md,backend/domains/promotions/services/promotions_write_service.py:1,File marked `ARCHIVED MODULE - DO NOT IMPORT FROM domains/_parked`,"Active promotion engine must be in live domain code (Laws 14, 17)",Archived module still referenced,Remove archived imports; redirect to live promotion service,M (3h),P1,5,triangulated,L0,VERIFIED,`pytest tests/domains/test_catalog.py`,tests/domains/test_catalog.py::test_promotion_imports,git revert,"F-016, CHAIN-001",none,FEAT-014,partial
FEAT-017,logic,NEW,CLUSTER-fraud-score,16_features.md,backend/domains/security/services/fraud/fraud_detection_service.py:162,"`_get_geo_info` returns hardcoded `{""country"": ""AE"", ...}` when cache misses","GeoIP must return actual IP-derived location, not hardcoded fallback (Law 75)",Hardcoded geo fallback masks real fraud signals,Integrate real GeoIP provider; fallback to `unknown` not fixed location,M (3h),P1,5,triangulated,L0,VERIFIED,`pytest tests/domains/test_security.py`,tests/domains/test_security.py::test_fraud_geoip,git revert,F-017,none,none,no
FEAT-018,logic,NEW,CLUSTER-payout-sweep,16_features.md,backend/jobs/payout_sweep.py,Payout sweep job exists but settlement eligibility check not fully verified in read scope,Payout must only include eligible settlements with cleared hold period (Law 50),Payout eligibility requires hold-period validation,Verify `payout_sweep` filters by `settlement_hold_days`; add test,M (3h),P1,3,multiple,L1,INFERRED,`pytest tests/jobs/test_payout_sweep.py`,tests/jobs/test_payout_sweep.py,—,—,—,—,no
FEAT-019,security,NEW,CLUSTER-rbac-catalog,16_features.md,backend/rbac/models/permission_entities.py:93,`PermissionAuditLog` has WORM retention comment but no DB-level enforcement,"Permission audit log must be WORM (append-only) at DB level (Laws 96, 228)",Application-level WORM only; no DB constraint,Add PostgreSQL `NO DELETE` trigger or use append-only table,L (8h),P1,4,multiple,L0,VERIFIED,`pytest tests/rbac/test_rbac_audit.py`,tests/rbac/test_rbac_audit.py::test_permission_audit_worm,migration,F-019,none,none,no
FEAT-020,db,NEW,CLUSTER-media-schema,16_features.md,backend/domains/media/models/media_asset.py:11,"`__table_args__ = {""schema"": ""media""}` — approved non-canonical schema per ARCH §8",Media schema is approved but must have RLS policies (Law 5),Approved schema but RLS coverage unknown,Verify RLS policies exist on `media.media_assets` and `media.upload_sessions`,M (3h),P1,3,multiple,L1,INFERRED,`pytest tests/architecture/test_rls_runtime.py`,tests/architecture/test_rls_runtime.py::test_media_rls,migration,F-020,none,none,partial
FEAT-021,logic,NEW,CLUSTER-order-status-machine,16_features.md,backend/domains/orders/models/order_entities.py:19,"Check constraint `status_code IN (...)` but service allows extra statuses like `prepared`, `picking_up`",Order status state machine must be consistent between DB constraint and service (Law 104),DB constraint and service allow different status sets,Align DB check constraint with service `valid_statuses`; add migration,M (3h),P1,5,triangulated,L0,VERIFIED,`pytest tests/domains/test_orders.py`,tests/domains/test_orders.py::test_order_status_constraint,migration,F-021,none,FEAT-014,partial
FEAT-022,logic,NEW,CLUSTER-payment-gateway-cred,16_features.md,backend/domains/finance/models/payments.py:88,"`credentials = Column(JSON, nullable=True)` stores gateway API keys unencrypted","All payment credentials must be encrypted at rest (Laws 32, 120a)",Plaintext JSON blob in DB,Encrypt entire credentials JSON via `field_encryption.py`,L (8h),P0,5,triangulated,L0,VERIFIED,`pytest tests/domains/test_finance.py`,tests/domains/test_finance.py::test_gateway_credentials_encrypted,data migration,"F-005, CHAIN-005",none,FEAT-014,yes
FEAT-023,testing,NEW,CLUSTER-missing-tests,16_features.md,backend/tests/domains/test_orders.py:1,`test_orders.py` has 122 lines — mostly smoke tests; no refund/return workflow tests,"Every critical workflow needs happy path + failure path tests (Laws 69, 72)",Missing return/refund integration tests,Add `test_return_refund_workflow` covering create→approve→refund→inventory_release,M (3h),P1,4,multiple,L0,VERIFIED,`pytest tests/domains/test_orders.py`,tests/domains/test_orders.py::test_return_refund_workflow,—,—,FEAT-011,none,no
FEAT-024,logic,NEW,CLUSTER-silent-except,16_features.md,backend/domains/orders/services/orders_service.py:414,`except Exception: logger.exception(...)` — silent except in email enqueue,All except blocks must log at minimum DEBUG (Law 59),Silent except present but does log exception,Remove bare except; let caller handle or re-raise with context,S (1h),P2,4,multiple,L0,VERIFIED,`pytest tests/domains/test_orders.py`,tests/domains/test_orders.py::test_email_enqueue_error,git revert,F-024,none,none,no
FEAT-025,logic,NEW,CLUSTER-inventory-held,16_features.md,backend/domains/orders/services/orders_service.py:259,`INVENTORY_HELD_STATUSES` constant exists but no claim/release calls in order engine,Inventory claim/release must be invoked on status transitions (Law 50),Constant defined but not used in order creation flow,Wire `claim_inventory` in `create_order` and `release_inventory` in `cancel_order`,L (8h),P0,4,multiple,L0,VERIFIED,`pytest tests/domains/test_orders.py`,tests/domains/test_orders.py::test_inventory_lifecycle,git revert,F-004,FEAT-004,FEAT-014,yes
FEAT-026,logic,NEW,CLUSTER-cart-sync,16_features.md,backend/modules/customer/routers/orders.py:72,`sync_cart` endpoint reconciles cart across devices,Cart sync must be idempotent and conflict-free (Law 50),Idempotency not evident in router or service,Add idempotency key to sync request; verify in service,M (2h),P1,3,multiple,L1,INFERRED,`pytest tests/domains/test_cart.py`,tests/domains/test_cart.py::test_sync_cart_idempotent,—,—,—,—,no
FEAT-027,logic,NEW,CLUSTER-search-degradation,16_features.md,backend/domains/catalog/services/search_service.py:41,`load_search_catalog` catches `ConnectionError` and returns 0,"Search provider must degrade gracefully (Law 30, 75)",Graceful degradation implemented,None,—,—,5,single,L0,VERIFIED,`pytest tests/domains/test_search.py`,tests/domains/test_search.py::test_search_provider_unavailable,—,—,—,—,no
FEAT-028,db,NEW,CLUSTER-soft-delete,16_features.md,backend/domains/orders/models/order_entities.py:63,"`is_deleted = Column(Boolean, default=False, nullable=False, index=True)` — soft delete present",All user-facing tables must use soft delete (Law 54),Soft delete present on Order,None,—,—,5,single,L0,VERIFIED,`pytest tests/domains/test_orders.py`,tests/domains/test_orders.py::test_order_soft_delete,—,—,—,—,no
FEAT-029,logic,NEW,CLUSTER-payment-method-routing,16_features.md,backend/modules/customer/routers/finance.py:99,"`payment_methods` endpoint calls `get_payment_methods_status(db, country_code=...)`",Payment methods must be country-aware (Law 5),Country-aware routing implemented,None,—,—,5,single,L0,VERIFIED,`pytest tests/domains/test_finance.py`,tests/domains/test_finance.py::test_payment_methods_country,—,—,—,—,no
FEAT-030,logic,NEW,CLUSTER-promotion-stacking,16_features.md,backend/domains/promotions/services/promotions_write_service.py:52,`stacking_allowed` field on `PromotionOrderTier`,Promotion stacking rules must be enforced at application layer,Field present but stacking enforcement not traced in read scope,Verify promotion engine enforces stacking policy per tier,M (3h),P2,3,multiple,L1,INFERRED,`pytest tests/domains/test_coupons.py`,tests/domains/test_coupons.py::test_promotion_stacking,—,—,—,—,no
FEAT-031,db,NEW,CLUSTER-commission-schema,16_features.md,backend/domains/catalog/models/commission.py:34,`CommissionGroup` in `catalog` schema but `CommissionAgreement` in `finance` schema,Commission models must live in single domain per Law 6,Split across two schemas,Migrate `CommissionGroup`/`CommissionRule` to `finance` schema or keep in catalog with clear ownership,L (8h),P2,3,multiple,L0,VERIFIED,`pytest tests/domains/test_catalog.py`,tests/domains/test_catalog.py::test_commission_schema,migration,F-031,none,none,no
FEAT-032,logic,NEW,CLUSTER-fraud-bloom-filter,16_features.md,backend/domains/security/services/fraud/fraud_detection_service.py:173,`BF.EXISTS` Valkey Bloom Filter command for IP reputation,Fraud detection must not crash when Bloom Filter key missing (Law 75),Graceful fallback on `ResponseError`,None,—,—,5,single,L0,VERIFIED,`pytest tests/domains/test_security.py`,tests/domains/test_security.py::test_fraud_bloom_filter_missing,—,—,—,—,no
FEAT-033,security,NEW,CLUSTER-jwt-type-claim,16_features.md,backend/domains/accounts/services/auth/auth_service.py:34,`import jwt` from PyJWT,"JWT decode must verify `type` claim (access vs refresh) (Laws 33, 41)",Type claim verification not traced in read scope,Verify `verify_token` in `rbac/dependencies.py` checks `type == 'access'`,M (2h),P1,3,multiple,L1,INFERRED,`pytest tests/domains/test_auth.py`,tests/domains/test_auth.py::test_jwt_type_claim,—,—,—,—,no
FEAT-034,logic,NEW,CLUSTER-media-upload,16_features.md,backend/domains/media/services/media_service.py:27,`create_asset` enforces 10MB body limit and creates MediaAsset,"Media upload must validate MIME type and enforce size limits (Laws 42, 75)",Size limit enforced; MIME validation not traced in read scope,Verify `puremagic` MIME check before `create_asset`; add test,M (2h),P1,3,multiple,L1,INFERRED,`pytest tests/domains/test_media.py`,tests/domains/test_media.py::test_upload_mime_validation,—,—,—,—,no
FEAT-035,logic,NEW,CLUSTER-supplier-onboarding,16_features.md,backend/domains/suppliers/services/supplier_kyc_service.py,Supplier KYC service exists with document upload,Supplier onboarding must enforce KYC tier per country (Law 5),KYC service present; country-tier enforcement not traced in read scope,Verify KYC tier check in `supplier_kyc_service` against `CountryConfig.supplier_kyc_tier`,M (3h),P1,3,multiple,L1,INFERRED,`pytest tests/domains/test_suppliers.py`,tests/domains/test_suppliers.py::test_kyc_tier_enforcement,—,—,—,—,no
FEAT-036,logic,NEW,CLUSTER-logistics-status,16_features.md,backend/domains/logistics/services/core/service.py:82,`admin_update_shipment_status` bypasses supplier check for admin,"Admin status override must be audited and rate-limited (Laws 96, 87)",Audit log present in orders_service but not in logistics service,Add `audit_log` to `admin_update_shipment_status`; verify `require_feature` gate,M (2h),P1,4,multiple,L0,VERIFIED,`pytest tests/domains/test_logistics.py`,tests/domains/test_logistics.py::test_admin_status_override_audit,git revert,F-036,none,none,no
FEAT-037,logic,NEW,CLUSTER-return-window,16_features.md,backend/domains/orders/services/returns/service.py:64,"`_normalized_return_window_days` returns `max(10, parsed)`",Return window must respect per-product `return_window_days` (Law 50),Per-product window respected via `_order_return_window_days`,None,—,—,5,single,L0,VERIFIED,`pytest tests/domains/test_orders.py`,tests/domains/test_orders.py::test_return_window_product_level,—,—,—,—,no
FEAT-038,db,NEW,CLUSTER-country-rls,16_features.md,backend/domains/country/models/countries.py:110,"`country_code = Column(String(2), nullable=True, unique=True, index=True)` on CountryConfig",CountryConfig is reference data; RLS may not apply (Law 5),Nullable country_code on reference table may bypass RLS,Verify RLS policies on `country.country_configs` do not block admin reads,S (1h),P2,3,multiple,L1,INFERRED,`pytest tests/architecture/test_law5_country_scope.py`,tests/architecture/test_law5_country_scope.py,—,—,—,—,no
FEAT-039,logic,NEW,CLUSTER-coupon-validation,16_features.md,backend/modules/customer/routers/orders.py:148,`build_coupon_quote` called inside cart totals with bare `except Exception`,"Coupon validation errors must return structured error, not silent zero (Law 59, 68)",Silent except swallows validation errors,Return 422 with coupon error detail; log at WARNING,S (1h),P2,4,multiple,L0,VERIFIED,`pytest tests/domains/test_coupons.py`,tests/domains/test_coupons.py::test_cart_totals_coupon_error,git revert,F-039,none,none,no
FEAT-040,logic,NEW,CLUSTER-ledger-accuracy,16_features.md,backend/domains/finance/services/ledger/general_ledger.py,General ledger exists but tax calculation function signature accepts float,"Ledger entries must use Decimal for all monetary fields (Laws 19, 227)",Float path into tax calculation via cart totals,Ensure `calculate_tax` and all ledger writers use Decimal,M (3h),P1,4,multiple,L0,VERIFIED,`pytest tests/domains/test_general_ledger_models.py`,tests/domains/test_general_ledger_models.py,—,—,FEAT-010,none,yes
FEAT-041,logic,NEW,CLUSTER-category-tree,16_features.md,backend/domains/catalog/services/categories/admin_categories_service.py:59,`rebuild_category_paths(db)` called after create/update,Category materialized path must remain consistent after mutations (Law 45),Path rebuild triggered; N+1 risk in large trees,"Verify `rebuild_category_paths` uses batch update, not per-row",M (2h),P2,3,multiple,L1,INFERRED,`pytest tests/domains/test_categories.py`,tests/domains/test_categories.py::test_category_path_consistency,—,—,—,—,no
FEAT-042,testing,NEW,CLUSTER-browser-tests,16_features.md,frontend/web_app/e2e/,"Playwright specs exist for admin, checkout, supplier, logistics",Every critical path must have Playwright test (Law 73),Browser tests present but not executed in read scope,Run `pnpm test:e2e` and verify all money-path specs pass,M (3h),P1,3,single,L1,INFERRED,`pnpm test:e2e`,frontend/web_app/e2e/customer-core-flow.spec.ts,—,—,—,—,partial
CFM-010,docs,NEW,CLUSTER-todo-hygiene,17_code_file_management.md,backend/domains/finance/services/__init__.py:7,"`# TODO: Module not yet created` at lines 7, 9, 11, 13",Law 62: TODO/FIXME must include ticket reference and expiration date,"572 TODOs across the codebase lack ticket references and expiration dates, making technical debt untrackable","Add ticket reference and expiration date to every TODO, or remove stale TODOs",M (3h),P2,4,multiple,L0,VERIFIED,"`grep -r ""# TODO:"" backend/",wc -l`,tests/architecture/test_todo_hygiene.py,Revert TODO additions,F-026,none,no
PERF-001,db,NEW,CLUSTER-n-plus-1-lazy,19_performance.md,backend/domains/catalog/models/products.py:107,"`cart_items = relationship(""CartItem"", back_populates=""product"")` — default `lazy=""select""`","`lazy=""selectin""` per Law 45",Accessing `product.cart_items` triggers one query per product (N+1),"Add `lazy=""selectin""` to the `cart_items` relationship",S (0.5h),P0,5,triangulated,L0,VERIFIED,`pytest tests/domains/catalog/test_products.py -k n_plus_one`,tests/domains/catalog/test_products.py::test_no_n_plus_one_product_cart_items,revert lazy change,"F-004 (cart), F-007 (checkout), CHAIN-001",none,PERF-003,yes
PERF-002,frontend,NEW,CLUSTER-n-plus-1-lazy,19_performance.md,backend/domains/orders/models/order_entities.py:67,"`items = relationship('OrderItem', back_populates='order')` — default `lazy=""select""`","`lazy=""selectin""` per Law 45",Accessing `order.items` outside `get_all_orders`/`get_orders` triggers N+1 for order lines,"Add `lazy=""selectin""` to the `items` relationship",S (0.5h),P0,5,multiple,L0,VERIFIED,`pytest tests/domains/orders/test_orders.py -k n_plus_one`,tests/domains/orders/test_orders.py::test_no_n_plus_one_order_items,revert lazy change,"F-005 (order detail), F-006 (order history), CHAIN-001",none,PERF-009,yes
PERF-003,db,NEW,CLUSTER-n-plus-1-lazy,19_performance.md,backend/domains/catalog/models/products.py:108-112,"`variants` and `videos` relationships use default `lazy=""select""`","`lazy=""selectin""` per Law 45",Loading product variants/videos without eager loading triggers N+1 in product detail and supplier catalog,"Add `lazy=""selectin""` to `variants` and `videos` relationships",S (0.5h),P1,5,multiple,L0,VERIFIED,`pytest tests/domains/catalog/test_products.py -k n_plus_one`,tests/domains/catalog/test_products.py::test_no_n_plus_one_product_variants,revert lazy change,"F-003 (product detail), F-016 (supplier catalog), CHAIN-001",PERF-001,PERF-009,no
PERF-004,frontend,NEW,,19_performance.md,frontend/web_app/next.config.ts:19,`formats: ['image/webp']` — AVIF absent,Add `'image/avif'` per TECHNOLOGY_STACK.md §12 (sharp 0.35.4 supports AVIF),AVIF provides 20–30% smaller files than WebP; missing AVIF increases image payload and LCP,Add `'image/avif'` before `'image/webp'` in formats array,S (0.25h),P1,4,single,L0,VERIFIED,`cd frontend/web_app && pnpm build`,frontend/web_app/tests/next-config.test.ts,revert formats array,"F-003 (product pages), F-001 (homepage LCP)",none,PERF-006,no
PERF-005,frontend,NEW,,19_performance.md,frontend/web_app/src/components/ProductCard.tsx:141-151,"`<MotionImage src={imageUrl} ... />` — no `placeholder=""blur""` or `blurDataURL`","`placeholder=""blur""` with `blurDataURL` per next/image best practice","Missing blur placeholder causes layout shift while image loads, increasing CLS","Add `placeholder=""blur""` and generate/provide `blur_data_url` from backend",M (2h),P1,4,multiple,L0,VERIFIED,Lighthouse CLS audit,frontend/web_app/tests/cls.test.ts,remove blur props,"F-003 (product listing CLS), F-017 (homepage CLS)",none,PERF-004,no
PERF-006,db,NEW,CLUSTER-offset-hot-list,19_performance.md,backend/domains/catalog/services/products/products_service.py:305,`ordered.offset(offset).limit(limit).all()` — OFFSET on customer product listing,"Keyset (cursor) pagination per Law 317: ""NEVER OFFSET on hot lists""",OFFSET scales O(n) — page 1000 requires scanning 1000 rows; customer product listing is the hottest path,Use keyset cursor (`Product.id < last_id`) for page 2+; cursor already implemented for `cursor` param at line 287-303,M (2h),P1,4,multiple,L0,VERIFIED,`pytest tests/domains/catalog/test_products.py -k pagination`,tests/domains/catalog/test_products.py::test_keyset_pagination,revert to offset,"F-003 (product listing), F-004 (cart), CHAIN-001",PERF-007,PERF-009,no
PERF-007,db,NEW,CLUSTER-offset-hot-list,19_performance.md,backend/domains/orders/services/core/order_engine.py:1009,`orders.offset(skip)` — OFFSET in customer order history when cursor not provided,Keyset cursor per Law 317,"Customer order history uses OFFSET pagination; at 1000+ orders, latency degrades",Use keyset cursor as default; OFFSET only as backward-compat fallback,S (1h),P2,4,single,L0,VERIFIED,`pytest tests/domains/orders/test_orders.py -k pagination`,tests/domains/orders/test_orders.py::test_order_cursor_pagination,revert to offset,F-005 (order history),PERF-006,PERF-009,no
PERF-008,db,NEW,,19_performance.md,backend/domains/catalog/services/products/products_service.py:248,"`Product.name.ilike(f""%{q}%"")` — leading wildcard prevents btree index use; pg_trgm not used",`pg_trgm` similarity search or `gin` index on `name` per TECHNOLOGY_STACK.md §2 (pg_trgm is PG 18 built-in),Leading wildcard `%q%` forces sequential scan on products table; pg_trgm extension available but unused for catalog search,Create GIN index on `catalog.products.name` using `pg_trgm`; replace `ilike` with `name.op(' %> ')(q)` or keep `ilike` with GIN support,M (2h),P2,3,single,L0,VERIFIED,`EXPLAIN ANALYZE SELECT ... WHERE name ILIKE '%query%'`,tests/domains/catalog/test_search.py::test_pg_trgm_index,drop GIN index,F-003 (search performance),none,PERF-009,no
PERF-009,db,NEW,,19_performance.md,backend/domains/orders/models/order_entities.py:176,"`order = relationship('Order')` — default `lazy=""select""` on ReturnRequest.order","`lazy=""selectin""` per Law 45",Accessing `return_request.order` from a list of returns triggers N+1,"Add `lazy=""selectin""` to the `order` relationship",S (0.5h),P3,4,single,L0,VERIFIED,`pytest tests/domains/orders/test_returns.py -k n_plus_one`,tests/domains/orders/test_returns.py::test_no_n_plus_one_return_order,revert lazy change,F-006 (returns list),PERF-002,PERF-009,no
OBS-003,infra,NEW,CLUSTER-stale-prometheus-config,20_observability_resilience.md,monitoring/prometheus/prometheus.yml:10; monitoring/prometheus.yml:8,`monitoring/prometheus/prometheus.yml` has `rule_files: []` and empty `alertmanagers.targets`; root `monitoring/prometheus.yml` correctly references `alerts.yml` and `alertmanager:9093`,Active Prometheus config must load `alerts.yml` and route to Alertmanager,"Stale nested config file in `monitoring/prometheus/` contradicts the active root config; if the nested file is ever mounted, alerts stop firing and notifications are dropped",Remove stale `monitoring/prometheus/prometheus.yml` or align it with the root config; add CI check that `rule_files` is non-empty,S (0.5h),P1,5,multiple,L1,VERIFIED,"`grep -E ""rule_files","targets:"" monitoring/prometheus/prometheus.yml`",tests/infrastructure/test_prometheus_config.py,revert commit,"alerting, incident response",none,yes
OBS-006,infra,NEW,�,20_observability_resilience.md,backend/main.py:55-65,"`_error_handler` is `None` until first exception triggers `get_error_handler()`; if `sentry_sdk.init` raises (error_handler.py:78-79), `sentry_initialized` stays `False` and all subsequent exceptions are silently dropped",Error tracker initialized at startup with health check on `/health/deps`,Lazy init means first exception during boot or before any handler runs is not tracked; init failure silently disables all error tracking,Initialize `ErrorHandler` at startup in `main.py` and log its health status; fail startup if DSN is configured but init fails,S (1h),P2,4,multiple,L1,VERIFIED,"`grep -n ""_error_handler\","get_error_handler"" backend/main.py`",tests/integration/test_error_handling.py,revert commit,error tracking availability,none,no
OBS-007,compliance,NEW,�,20_observability_resilience.md,backend/infrastructure/observability/logging_config.py:134-141; backend/config.py,"`RotatingFileHandler` uses `maxBytes=10MB, backupCount=5` (~50MB) but is never enabled; no `LOG_RETENTION_DAYS` or equivalent setting in `config.py`",Production log retention policy defined and enforced,File logging disabled in main.py; no retention settings in config.py; stdout-only logging in production with no retention policy,Define `LOG_RETENTION_DAYS` in `config.py` and enable file handler in `setup_structlog` call with appropriate retention,S (0.5h),P3,5,multiple,L1,VERIFIED,"`grep -n ""log_file\","LOG_FILE"" backend/main.py backend/config.py`",tests/config/test_settings.py,revert commit,log retention compliance,none,no
OBS-105,infra,NEW,CLUSTER-backup-not-wired,20_observability_resilience.md,backend/lifespan.py:319,"`_startup_background_jobs()` starts daemon threads for email, finance, ML; no backup scheduler thread is started here despite `backup_enabled=True` and `backup_interval_minutes=30` in config.py:128-127",`BackupManager` and its periodic scheduler must be wired into `lifespan.py` startup so backups run at the configured interval without manual trigger,BackupManager class exists and is importable but is never started by the app lifespan; backups only run when manually triggered or via external script,Call `get_backup_manager()` and start a periodic scheduler thread in `lifespan.py` after line 319,S (1h),P1,5,single,L0,VERIFIED,"`grep ""get_backup_manager\","BackupManager"" backend/lifespan.py`",tests/infrastructure/test_storage_r2.py,revert commit,data recovery capability,none,yes
OBS-106,infra,NEW,CLUSTER-cb-coverage-gaps,20_observability_resilience.md,backend/domains/finance/services/payments/payment_engine.py:209-213,"Circuit breakers configured for stripe(5/30), tap(3/20), paytabs(4/25), thawani(3/20), paypal(4/30); `stripe_sdk.py:26` wraps Stripe with its own breaker; `country_auto_populate.py:68` uses `CircuitBreakerWithRetry`","All external provider calls (payments, SMS, geocoding, AI, bank API, shipping) must be wrapped in circuit breakers per TECHNOLOGY_STACK.md:89","Payment providers have circuit breakers but AI providers, shipping, SMS, WhatsApp, geocoding, and bank API calls are not verified to be wrapped",Audit each provider call path and add `get_circuit_breaker(name)` wrapper to uncovered external calls,M (4h),P2,4,multiple,L1,INFERRED,"`grep -r ""CircuitBreaker\","get_circuit_breaker"" backend/providers/ backend/domains/`",tests/domains/test_circuit_breaker.py,revert commit,"payment, AI, comms, shipping cascading failures",none,no
OBS-107,infra,NEW,CLUSTER-no-central-http-timeout,20_observability_resilience.md,backend/:0,"HTTP client timeouts are set per-call (e.g. `httpx.AsyncClient(timeout=...)` in auth_service.py:984, `aiohttp.ClientTimeout(total=30)` in threat_feed_updater.py:28, `timeout=300` in backup.py:259) but no canonical central timeout policy exists in config.py or a shared httpx client factory",TECHNOLOGY_STACK.md specifies httpx as the canonical client; a shared client factory with a default timeout (e.g. 30s) should prevent unbounded waits on any external call,Inconsistent per-call timeouts risk unbounded waits if a developer omits the timeout parameter on a new external call,Add `HTTPX_DEFAULT_TIMEOUT` to config.py and create a shared `get_http_client()` factory in `infrastructure/observability/` or `infrastructure/http_client.py`,M (2h),P2,4,multiple,L1,INFERRED,"`grep -r ""AsyncClient\","httpx.Client"" backend/`",tests/infrastructure/test_http_client_factory.py,revert commit,"all external HTTP calls (payments, AI, comms, geocoding)",none,no
OBS-108,infra,RESOLVED,CLUSTER-restore-drill-not-scheduled,20_observability_resilience.md,backend/infrastructure/storage/backup.py:131-169,`run_restore_drill()` method exists and is callable; `scripts/pg_backup.py:309` contains a `run_restore_drill` function; `scripts/pg_backup.py:620` calls it; no scheduled Celery/Cron task or admin endpoint is wired to invoke it in production,Restore drill must be exercised on a defined schedule (e.g. monthly) and its result logged to verify backup integrity before a real disaster,Restore drill code exists but is never invoked on a schedule; backup corruption or incomplete restore procedure would only be discovered during an actual disaster,Register a periodic Celery task (or cron job) that calls `run_restore_drill()` and logs the result to the audit trail,S (1h),P1,5,single,L0,VERIFIED,"`grep -r ""run_restore_drill\","restore_drill"" backend/jobs/ backend/scripts/`",tests/infrastructure/test_storage_r2.py,revert commit,data recovery confidence,OBS-105,yes
WIR-011,tech,RESOLVED,CLUSTER-payout-retry-backoff,20_observability_resilience.md,"backend/jobs/payout_tasks.py:13-18,60-65,105-110","`dispatch_payout_batch` and `process_individual_payout` use `max_retries=3, default_retry_delay=60`; `retry_failed_payouts` uses `max_retries=1, default_retry_delay=300` � all fixed delays with no exponential backoff or jitter","Celery native `retry_backoff=True, retry_jitter=True` with `retry_backoff_max=60` (or 300 for retry_failed_payouts) per TECHNOLOGY_STACK.md Celery 5.5+",Fixed 60s/300s delay means every retry waits the same interval regardless of failure count; no jitter means thundering herd on provider recovery,"Replaced `default_retry_delay` with `retry_backoff=True, retry_jitter=True, retry_backoff_max=60/300`",S (1h),P2,5,single,L0,VERIFIED,"`grep -n ""retry_backoff\","with_retry"" backend/jobs/payout_tasks.py`",`pytest tests/jobs/test_payout_tasks.py`,revert commit,payout processing retry timing; provider outage recovery,none,no
BROWSER-002,boot,NEW,CLUSTER-browser-precondition,24_browser_behavior.md,_browser_test/BROWSER_TEST_LOG.md:9,"Multiple routers skipped due to `name 'Session' is not defined` and missing symbols from `domains.accounts.ports` (`update_role_permissions`, `get_referral_dashboard`)",All module routers load without import errors; endpoints registered at boot,"Routers fail to import, so no API endpoints are available for browser verification",Fix undefined `Session` import and add missing port symbols to `domains/accounts/ports.py`,M (2h),P0,5,single,L1,VERIFIED,"`python -c ""from backend.main import app; print(len(app.routes))""`",tests/architecture/test_import_laws.py,`git revert` the router import fix commit,"All API endpoints blocked; auth, RBAC, checkout, admin flows",BROWSER-001,BROWSER-003,yes
BROWSER-004,testing,NEW,CLUSTER-browser-coverage-gap,24_browser_behavior.md,_browser_test/BROWSER_TEST_LOG.md:32,All critical paths: UNTESTABLE,All critical paths tested via browser E2E tests,Browser audit cannot proceed due to unmet preconditions; all critical paths remain untested,"Resolve backend and frontend preconditions, then run full browser test suite",L (8h),P0,5,single,L1,VERIFIED,`npx playwright test _browser_test/ --reporter=list` shows all tests passing,_browser_test/tests/customer/checkout.spec.ts,N/A,All critical user journeys,"BROWSER-001, BROWSER-002, BROWSER-003",none,yes
BROWSER-005,testing,NEW,CLUSTER-browser-coverage-gap,24_browser_behavior.md,_browser_test/BROWSER_TEST_LOG.md:33,Money path: UNTESTABLE,Money path (cart → checkout → payment → order confirmation) tested and passing,Payment and checkout flows have no browser test coverage due to unmet preconditions,Run `_browser_test/tests/money/payments.spec.ts` and `_browser_test/tests/customer/checkout.spec.ts` after preconditions resolved,M (3h),P0,5,single,L1,VERIFIED,`npx playwright test _browser_test/tests/money/ --reporter=list` shows all passing,_browser_test/tests/money/payments.spec.ts,N/A,"Payment flows, checkout, order creation","BROWSER-001, BROWSER-002, BROWSER-003",none,yes
BROWSER-006,testing,NEW,CLUSTER-browser-coverage-gap,24_browser_behavior.md,_browser_test/BROWSER_TEST_LOG.md:34,Security path: UNTESTABLE,"Security path (login, TOTP, RBAC, session management, CSRF) tested and passing",Authentication and authorization flows have no browser test coverage due to unmet preconditions,Run `_browser_test/tests/auth/*.spec.ts` and `_browser_test/tests/security/rbac.spec.ts` after preconditions resolved,M (3h),P0,5,single,L1,VERIFIED,`npx playwright test _browser_test/tests/auth/ _browser_test/tests/security/ --reporter=list` shows all passing,_browser_test/tests/auth/login.spec.ts,N/A,"Auth flows, RBAC, session management, CSRF","BROWSER-001, BROWSER-002, BROWSER-003",none,yes
BROWSER-007,testing,NEW,CLUSTER-browser-coverage-gap,24_browser_behavior.md,_browser_test/BROWSER_TEST_LOG.md:35,All 28 dimensions requiring runtime evidence: UNTESTABLE,All 28 dimensions verified via browser E2E tests with runtime evidence,No browser tests can execute; all 28 dimensions requiring runtime evidence remain unverified,Resolve all preconditions and run complete browser E2E suite covering all 28 dimensions,L (12h),P0,5,single,L1,VERIFIED,`npx playwright test _browser_test/ --reporter=list` shows all 28 dimensions covered,_browser_test/tests/customer/checkout.spec.ts,N/A,All 28 dimensions requiring runtime evidence,"BROWSER-001, BROWSER-002, BROWSER-003",none,yes
BROWSER-008,testing,NEW,CLUSTER-browser-docs,24_browser_behavior.md,_browser_test/COVERAGE_GAPS.md:0,`_browser_test/COVERAGE_GAPS.md` does not exist,`COVERAGE_GAPS.md` exists and enumerates all untested critical paths,Coverage gap analysis file is missing; cannot systematically identify untested browser paths,Create `_browser_test/COVERAGE_GAPS.md` with explicit gap analysis after browser tests run,S (1h),P2,5,single,L1,VERIFIED,`ls _browser_test/COVERAGE_GAPS.md` returns file,N/A,delete file,Browser coverage tracking,BROWSER-004,none,partial
DRIFT-002,routing,NEW,CLUSTER-route-mislabel,25_ai_drift.md,backend/modules/admin/routers/orders.py:1-80,"File docstring says ""Admin orders router — canonical"" and prefix is `/api/v1/admin/orders`, but all 5 routes are campaign/email metrics routes from `domains.comms` (`/campaigns`, `/metrics`, `/campaigns/{cc}`, `/campaigns/{cc}/{id}`, `/admin_orders_routes/health`). No order management routes exist (list, get, update status, delete, bulk-status).",Admin orders router must contain order management endpoints; campaign routes belong in `modules/admin/routers/comms.py`,Router is mislabeled and contains wrong domain routes; order management endpoints are missing entirely,Move campaign routes to `comms.py`; create proper order management routes under `/api/v1/admin/orders`,L (8h),P0,5,single,L1,VERIFIED,"`python -c ""from backend.main import app; routes = [r.path for r in app.routes if 'orders' in r.path]; print(routes)"" ` shows only campaign paths",tests/architecture/test_import_laws.py,Revert router file to pre-migration state,"All admin order management; order list, status updates, refunds, bulk operations",DRIFT-001,ALIGN-001,yes
DRIFT-003,logic,NEW,CLUSTER-comment-code-divergence,25_ai_drift.md,backend/modules/customer/routers/orders.py:131,"Comment at line 131 says ""AUTO-GENERATED — DO NOT EDIT MANUALLY (generated by routers/generated/auto_router.py)"" but lines 1-128 contain hand-written cart code (get_cart, add_to_cart, sync_cart, update_cart_item, remove_from_cart, clear_cart, shipping-quote, totals) that is clearly manually maintained.",Either the file is auto-generated (no hand-written sections) or it is manually maintained (no auto-generated warning),Comment claims file is auto-generated but majority of content is hand-written; developers may avoid editing hand-written sections due to the warning,"Remove the auto-generated warning comment and mark the file as manually maintained, or split into auto-generated and hand-written sections",S (1h),P1,4,single,L1,VERIFIED,`git log --follow backend/modules/customer/routers/orders.py` shows manual edits,tests/modules/test_customer_routers.py,Revert to pre-consolidation state,Cart and order endpoints; future router maintenance,DRIFT-002,none,no
DRIFT-004,logic,NEW,CLUSTER-error-message-drift,25_ai_drift.md,"backend/modules/supplier/routers/audit.py:67,82,96,105,118,130; backend/modules/customer/routers/audit.py:89,112,150; backend/modules/logistics/routers/audit.py:73,96; backend/modules/employee/routers/audit.py:81,104,129; backend/modules/employee/routers/hr.py:690; backend/modules/employee/routers/customers.py:41,56,73","18 instances of `raise HTTPException(status_code=500, detail=""Internal server error"")` across 9 router files. The global error handler (`infrastructure/observability/error_handler.py`) defines RFC 7807 Problem Details responses with structured `{type, title, status, detail, instance, request_id, timestamp}` format, but these routers bypass it with raw detail strings.","All 500 errors should go through the global exception handler and return RFC 7807 Problem Details; raw `detail=""Internal server error""` should not appear in router code","Error messages are inconsistent across endpoints; some routers bypass the structured error handler, breaking RFC 7807 compliance and making frontend error parsing unreliable","Remove raw 500 HTTPException raises; let the global exception handler format them, or use the `AppError` class with proper error_code",M (3h),P2,4,multiple,L1,VERIFIED,"`grep -rn '""Internal server error""' backend/modules/` returns 18 hits",tests/architecture/test_error_shape.py,Revert router files to pre-drift state,Error handling consistency; all endpoints returning 500,DRIFT-003,ALIGN-006,no
DRIFT-005,security,RESOLVED,CLUSTER-error-message-drift,25_ai_drift.md,"backend/modules/supplier/routers/audit.py:67,96,118; backend/modules/customer/routers/audit.py:74,103,126; backend/modules/employee/routers/audit.py:66,95,117; backend/modules/logistics/routers/audit.py:58,87; backend/domains/accounts/services/auth/security_dependencies.py:49; backend/modules/customer/routers/accounts.py:170","15 instances of `raise HTTPException(status_code=401, detail=""Not authenticated"")` across 7 files. The global error handler returns RFC 7807 format, but these raw raises produce inconsistent shapes. Some files use `status.HTTP_401_UNAUTHORIZED` while others use raw `401`.","All 401 errors should use the same error shape (RFC 7807 or consistent JSON); the detail string should be consistent (""Not authenticated"" vs ""Authentication required"")",Error messages and shapes are inconsistent across auth endpoints; frontend `getErrorMessage` may not reliably extract the message,"Standardize on `status.HTTP_401_UNAUTHORIZED` with a consistent detail string, or rely on the global exception handler exclusively",S (1h),P2,4,multiple,L1,VERIFIED,"`grep -rn '""Not authenticated""' backend/modules/ backend/domains/` returns 15 hits",tests/architecture/test_error_shape.py,Revert to pre-drift state,"Auth error consistency; login, session, RBAC flows",DRIFT-004,ALIGN-006,no
DRIFT-006,arch,NEW,CLUSTER-naming-drift,25_ai_drift.md,backend/modules/admin/routers/permissions.py:42,"Router uses `require_feature(""accounts.permissions.manage"")` but the router manages permissions, not accounts. The feature atom `accounts.permissions.manage` is in the accounts namespace, not a dedicated permissions namespace. Frontend `shared/src/permissions.ts` lists it under the same name.","Feature atoms should match the domain they gate: `permissions.manage`, `permissions.read`, etc. under a `permissions` namespace, not `accounts.permissions.*`","Feature atom namespace does not match the router's domain; `accounts.permissions.manage` implies account management, not permission management",Rename feature atom to `permissions.manage` in both backend and frontend; update RBAC catalog,S (1h),P2,3,single,L1,VERIFIED,`grep -rn 'accounts.permissions.manage' backend/ frontend/` returns 2 hits,tests/rbac/test_rbac_service.py,Revert to pre-drift state,Admin permissions page feature gating,DRIFT-005,ALIGN-004,no
DRIFT-007,arch,NEW,CLUSTER-naming-drift,25_ai_drift.md,backend/modules/admin/routers/orders.py:76,Health endpoint registered at `/admin_orders_routes/health` which is NOT under the router's declared prefix `/api/v1/admin/orders`. The full path becomes `/api/v1/admin/orders/admin_orders_routes/health` instead of the expected `/api/v1/admin/orders/health`.,Health endpoints should be registered at the router's prefix root (`/api/v1/admin/orders/health`) or use a consistent naming pattern,Path does not match the declared prefix; the double-nested `admin_orders_routes/health` is inconsistent with all other admin routers,Rename path to `/health` so full path is `/api/v1/admin/orders/health`,S (0.5h),P3,4,single,L1,VERIFIED,"`python -c ""from backend.main import app; print([r.path for r in app.routes if 'health' in r.path])"" ` shows mismatched path",tests/architecture/test_router_paths.py,Revert to pre-drift state,Health check alignment for admin orders router,DRIFT-006,none,no
DRIFT-008,arch,RESOLVED,CLUSTER-routing-pattern-drift,25_ai_drift.md,backend/modules/customer/routers/accounts.py:60,"Router declared as `APIRouter(tags=[""customer"", ""accounts""])` with NO prefix, but all routes use full absolute paths like `/api/v1/customer/accounts`, `/api/v1/auth/login`, etc. All other customer routers declare a prefix (e.g., `prefix=""/api/v1/customer/catalog""`) and use relative paths.","Router should declare `prefix=""/api/v1/customer""` and use relative paths like `/accounts`, `/auth/login`, matching the pattern of all other routers",Routing pattern is inconsistent; accounts router uses absolute paths while all other routers use prefix + relative paths,"Add `prefix=""/api/v1/customer""` to the accounts router and convert all route paths to relative",S (1h),P3,3,single,L1,VERIFIED,Compare with `backend/modules/customer/routers/catalog.py:23` prefix pattern,tests/modules/test_customer_routers.py,Revert to pre-consolidation state,Route registration consistency; future route additions,DRIFT-007,none,no
DRIFT-009,logic,NEW,CLUSTER-feature-gate-drift,25_ai_drift.md,"backend/modules/admin/routers/orders.py:22-24,30,46,58,70","`list_all_campaigns_route` uses `require_feature(""orders.list"")`, `admin_email_metrics` uses `require_feature(""orders.read"")`, `create_campaign_route` uses `require_feature(""orders.create"")`, `delete_campaign_route` uses `require_feature(""orders.manage"")`. All these are campaign/email routes (comms domain) but gated with orders feature atoms.","Campaign routes should be gated with `promotions.campaigns.*` feature atoms, not `orders.*` atoms","Feature gating uses wrong namespace; campaigns are in the promotions domain, not orders",Replace `orders.*` feature atoms with `promotions.campaigns.*` equivalents,S (0.5h),P2,4,single,L1,VERIFIED,`grep -n 'require_feature' backend/modules/admin/routers/orders.py` shows orders.* atoms on comms routes,tests/rbac/test_rbac_service.py,Revert to pre-drift state,Feature gating correctness; admin campaign management,DRIFT-008,none,no
DRIFT-010,logic,NEW,CLUSTER-copy-paste-drift,25_ai_drift.md,backend/modules/customer/routers/promotions.py:121,"Route defined as `@router.delete(""/coupons/{coupon_id}"")` under prefix `/api/v1/customer/promotions`, making full path `/api/v1/customer/promotions/coupons/{coupon_id}`. But the same router also has `@router.post("""", ...)` at `/api/v1/customer/promotions` (create coupon) and `@router.get("""")` at `/api/v1/customer/promotions` (list coupons). The `/coupons` sub-path creates an inconsistent nesting pattern.","All coupon routes should be consistently nested: either `/api/v1/customer/promotions/coupons` for all, or `/api/v1/customer/promotions` for create/list and `/api/v1/customer/promotions/{id}` for individual ops",Copy-paste from a flat coupon router created inconsistent nesting; delete uses `/coupons/{id}` while create/list use bare `/`,Normalize to `/api/v1/customer/promotions/coupons` for all CRUD operations,S (0.5h),P3,3,single,L1,VERIFIED,"Compare routes at lines 86, 102, 109, 121",tests/modules/test_customer_routers.py,Revert to pre-consolidation state,Coupon CRUD URL consistency,DRIFT-009,none,no
ALIGN-001,routing,NEW,CLUSTER-frontend-backend-route-mismatch,26_code_alignment.md,"frontend/web_app/src/app/admin/orders/page.tsx:178,205,218,238,273","Frontend expects: `GET /admin/orders?limit=25&offset=...&status=...&date_range=...&search=...`, `PUT /admin/orders/{id}/status?status=...`, `POST /admin/orders/{id}/refund`, `DELETE /admin/orders/{id}`, `POST /admin/orders/bulk-status`","Backend `modules/admin/routers/orders.py` has prefix `/api/v1/admin/orders` but contains ZERO order management endpoints — only campaign/email routes (`/campaigns`, `/metrics`) from the comms domain","Admin orders UI has no matching backend routes; every admin order operation (list, status update, refund, delete, bulk update) returns 404","Create proper order management routes under `/api/v1/admin/orders`: GET list, GET {id}, PUT {id}/status, POST {id}/refund, DELETE {id}, POST /bulk-status",L (8h),P0,5,single,L1,VERIFIED,"`python -c ""from backend.main import app; routes = [r.path for r in app.routes if '/admin/orders' in r.path and 'campaigns' not in r.path and 'metrics' not in r.path]; print(routes)"" ` returns empty list",tests/architecture/test_route_alignment.py,Revert admin orders router to pre-migration state,Admin order management UI; all admin order operations,ALIGN-002,DRIFT-002,yes
ALIGN-002,types,NEW,CLUSTER-type-mismatch,26_code_alignment.md,"frontend/shared/src/types.ts:59,71,78; backend/infrastructure/database/schemas.py:54-58","Frontend `OrderItem.price: number`, `Order.total_amount: number`, `Order.total?: number` (alias). Backend `PaginatedResponse` uses `items: List[Any]`, `total: int`, `page: int`, `size: int`, `pages: int`. Backend order models use `Decimal` for monetary fields.","TypeScript `number` matches backend JSON-serialized `Decimal` (float), but `PaginatedResponse.items` vs frontend `ListPage.data` creates shape mismatch; `PaginatedResponse.pages` is not present in frontend `ListPage`","Type shapes diverge: backend returns `{items, total, page, size, pages}` but frontend normalizes to `{data, total, page, pageSize}`; `pages` field is silently dropped",Add `pages` to `ListPage` interface; ensure backend list endpoints always include `pages`; align field names (`items` vs `data`),S (1h),P1,4,single,L1,VERIFIED,Compare `ListPage<T>` fields with `PaginatedResponse` fields,tests/frontend/web_app/test_type_alignment.test.ts,Revert type changes,List endpoint rendering across admin and customer,ALIGN-001,ALIGN-003,no
ALIGN-003,pagination,NEW,CLUSTER-pagination-mismatch,26_code_alignment.md,backend/modules/customer/routers/catalog.py:62-67; backend/modules/customer/routers/orders.py:153-161; frontend/web_app/src/lib/listResponse.ts:1-37,"Backend catalog returns `{items, total, page, size}` (no `pages`). Backend orders returns `{items, total}` (no pagination metadata). Frontend `normalizeListPage` expects `{data, total, page, pageSize}` or `{items, total, page, size}`.","All backend list endpoints should return consistent `{items, total, page, size, pages}` envelope matching `PaginatedResponse` schema","Pagination shapes are inconsistent: catalog uses `{items, total, page, size}`, orders uses bare `{items, total}`, frontend normalizes to `{data, total, page, pageSize}`; `pages` is never returned by any endpoint","Standardize all list endpoints to return `PaginatedResponse` shape with `items, total, page, size, pages`; update frontend `normalizeListPage` to handle `pages`",M (3h),P1,4,multiple,L1,VERIFIED,"`grep -rn '""total"": total' backend/modules/customer/routers/` shows varying shapes",tests/architecture/test_pagination_shape.py,Revert to pre-drift state,"All paginated list endpoints; catalog, orders, admin lists",ALIGN-002,none,partial
ALIGN-004,rbac,NEW,CLUSTER-permissions-mismatch,26_code_alignment.md,frontend/shared/src/permissions.ts:7-185; backend/rbac/catalog.py:12-43,Frontend `FEATURE_CATALOG` is a static frozen array of 185 hardcoded strings including `accounts.permissions.manage`. Backend `FEATURE_CATALOG` is dynamically loaded from `domains/*/features.py` modules via package scan. Frontend list does not include `permissions.manage` (dedicated namespace) but uses `accounts.permissions.manage`.,Frontend `FEATURE_CATALOG` must be generated from backend `rbac/catalog.py` at build time or fetched at runtime; static list drifts from source of truth,Frontend maintains a static copy of the feature catalog that can drift from the backend's dynamically loaded catalog; current drift: `accounts.permissions.manage` vs `permissions.manage`,Replace static `FEATURE_CATALOG` with runtime fetch from `/api/v1/rbac/catalog` at app startup; use `applyRbacCatalogAtoms` to hydrate,M (4h),P1,4,multiple,L1,VERIFIED,"Compare frontend list with `python -c ""from rbac.catalog import all_features; print(all_features())"" ` output",tests/rbac/test_rbac_catalog_sync.py,Revert to pre-drift state,"All feature-gated UI elements; admin, customer, supplier, logistics",ALIGN-003,DRIFT-006,partial
ALIGN-005,routing,NEW,CLUSTER-cart-route-mismatch,26_code_alignment.md,"frontend/web_app/src/lib/cartStore.ts:168,195,215,246,267,277; backend/modules/customer/routers/orders.py:54-113","Frontend cartStore sends mutations to `/cart/items/{id}` (PUT/DELETE), `/cart` (DELETE), `/cart/sync` (PUT). Backend customer orders router has prefix `/api/v1/customer/orders` and cart endpoints are at `/api/v1/customer/orders` (GET cart), `/api/v1/customer/orders/items` (POST), `/api/v1/customer/orders/items/{product_id}` (PUT/DELETE), `/api/v1/customer/orders/sync` (PUT).","Frontend cart paths should match backend cart routes exactly: `/api/v1/customer/orders` for cart GET, `/api/v1/customer/orders/items` for add, `/api/v1/customer/orders/items/{product_id}` for update/remove","Frontend uses bare `/cart/*` paths while backend exposes cart under `/api/v1/customer/orders/*`; `resolveRequestUrl` in `client.ts` prepends `/api/v1` to `/auth/` but not to `/cart/` paths, so cart calls go to `/cart/*` instead of `/api/v1/customer/orders/*`","Update frontend `cartStore.ts` to use `/api/v1/customer/orders` (GET), `/api/v1/customer/orders/items` (POST), `/api/v1/customer/orders/items/{id}` (PUT/DELETE), `/api/v1/customer/orders/sync` (PUT)",S (1h),P2,5,single,L1,VERIFIED,Compare cart API paths in cartStore with router routes,tests/frontend/web_app/test_cart_alignment.test.ts,Revert cartStore to pre-drift state,"Cart operations; add, update, remove, sync",ALIGN-001,none,partial
ALIGN-006,error-shape,NEW,CLUSTER-error-shape-mismatch,26_code_alignment.md,backend/infrastructure/observability/error_handler.py:191-215; frontend/web_app/src/lib/api/errors.ts:8-22,"Backend global handler returns RFC 7807 Problem Details: `{type, title, status, detail, instance, request_id, timestamp, errors}`. Frontend `getErrorMessage` only checks `data.detail` (string), `data.detail[]` (array), `data.message`, `data.error` (string). Frontend does not parse `type`, `title`, `instance`, `request_id`, `timestamp`.","Frontend `getErrorMessage` should parse RFC 7807 `detail` field; error logging should capture `type`, `request_id`, `timestamp` for support/debugging","Frontend error extraction only reads `detail`/`message`/`error`; it ignores the structured RFC 7807 fields, losing `request_id` for support tickets and `type` for categorization","Update `getErrorMessage` to read `data.detail` (RFC 7807 compliant); update `handleApiError` to log `request_id`, `type`, `timestamp` from RFC 7807 response",S (1h),P2,4,single,L1,VERIFIED,Compare frontend error extraction with backend error shape,tests/frontend/web_app/test_error_handling.test.ts,Revert to pre-drift state,"Error reporting consistency; support tickets, debugging",ALIGN-005,none,no
ALIGN-007,mobile-parity,NEW,CLUSTER-mobile-web-store-shape,26_code_alignment.md,frontend/web_app/src/lib/cartStore.ts:7-13; frontend/mobile_app/lib/cartStore.ts:1-50,"Web `CartItem` extends `Product` with `quantity, line_id, cart_item_id?, selected_size?, selected_color?`. Mobile `CartItem` (inferred from store structure) uses `product_id, quantity, selected_size, selected_color, price, name, image` without `line_id` or `cart_item_id`. Web store syncs to `/api/v1/customer/orders/items/{id}`, mobile syncs to `/cart/items`.",Mobile and web cart stores should share the same shape and API paths via `frontend/shared/src/`,"Mobile cart store has a different shape and different API paths than web; `line_id` is the web's line identifier but mobile lacks it, causing potential sync conflicts",Extract shared `CartItem` interface and cart API paths to `frontend/shared/src/`; import in both web and mobile stores,M (3h),P2,3,single,L2,INFERRED,Compare CartItem interfaces across web and mobile cart stores,tests/mobile/test_cart_parity.test.ts,Revert mobile cartStore to match web,Cart sync across web and mobile; cross-device cart,ALIGN-006,none,no
ALIGN-008,pagination,NEW,CLUSTER-pagination-param-mismatch,26_code_alignment.md,frontend/web_app/src/lib/useAdminApi.ts:119-123; backend/modules/admin/routers/catalog.py:48-49,Frontend `useAdminApi.list` sends `page` and `size` query params. Backend `list_products` in admin catalog uses `page` and `size` params (line 48-49). Backend `list_categories_route` in customer catalog uses `page` and `page_size` (line 81-82).,"All backend list endpoints should accept both `page`/`size` and `page`/`page_size` for consistency, or frontend should use a consistent param name","Param naming is inconsistent: some endpoints use `size`, others use `page_size`; frontend `useAdminApi` uses `size` but customer catalog expects `page_size`",Add aliasing in backend routers (accept both `size` and `page_size`) or standardize frontend to use `page_size` everywhere,S (1h),P2,4,single,L1,VERIFIED,Compare query param names across admin and customer catalog routers,tests/architecture/test_pagination_params.py,Revert to pre-drift state,Admin and customer list endpoints; pagination UX,ALIGN-003,none,no
ALIGN-010,routing,RESOLVED,CLUSTER-url-resolve-drift,26_code_alignment.md,frontend/web_app/src/lib/api/client.ts:38-44; backend/modules/customer/routers/accounts.py:93-127,"`resolveRequestUrl` in `client.ts` handles `/auth/` (prepends `/api/v1`) and bare paths (prepends `/__api`), but does NOT handle `/cart/` or bare `/admin/` paths. Frontend `accounts.py` routes use absolute paths like `/api/v1/customer/accounts` which bypass `resolveRequestUrl` entirely.","`resolveRequestUrl` should handle all backend prefix patterns consistently, or all frontend calls should use relative paths matching the router prefix","URL resolution logic is incomplete: it special-cases `/auth/` but not `/cart/`, `/admin/`, or other backend prefixes; some frontend code uses absolute paths while other uses bare paths","Expand `resolveRequestUrl` to handle `/cart/` → `/api/v1/customer/orders`, `/admin/` → `/api/v1/admin`, or standardize all frontend calls to use full absolute paths",S (1h),P3,3,single,L1,VERIFIED,Compare resolveRequestUrl logic with actual frontend API call paths,tests/frontend/web_app/test_api_resolution.test.ts,Revert client.ts to pre-drift state,"API URL resolution; cart, admin, and account calls",ALIGN-005,none,no
BLOCKER-001,boot,NEW,—,27_project_completion_blockers.md,backend/ (no __init__.py),`from backend.main import app` fails with ModuleNotFoundError,Backend directory must be importable as a package,Missing `__init__.py` prevents direct package import from project root,Add `backend/__init__.py` or update audit commands to run from inside `backend/`,S,P0,5,triangulated,L0,VERIFIED,"`python -c ""from backend.main import app; print(len(app.routes))""`",—,git revert <commit>,"All boot, test, CI commands",none,—,yes
BLOCKER-002,boot,NEW,—,27_project_completion_blockers.md,backend/config.py:472,`settings.DATABASE_URL` raises AttributeError; actual attribute is `settings.database_url` (lowercase),Config attributes should match canonical names from `TECHNOLOGY_STACK.md` §20 (`DATABASE_URL`),Case mismatch between documented env var name and actual Pydantic settings attribute,Align config attribute names with documented env var names or update `TECHNOLOGY_STACK.md`,S,P0,5,triangulated,L0,VERIFIED,"`python -c ""from config import settings; print(settings.database_url)""`",—,git revert <commit>,"All DB connectivity, migrations",none,—,yes
BLOCKER-003,infra,NEW,—,27_project_completion_blockers.md,backend/config.py (valkey_url),`valkey_url = valkey://localhost:6379`; connection refused — no local Valkey server,"Valkey 9.0.6+ should be reachable for cache, sessions, rate-limiting, event bus",Local Valkey service not running; all Valkey-dependent features will fail,Start local Valkey via Docker Compose (`docker compose up valkey`) or install Valkey locally,S,P0,5,triangulated,L0,VERIFIED,"`python -c ""import valkey; r = valkey.Redis.from_url(settings.valkey_url); print(r.ping())""`",—,docker compose down,"Rate limiting, token blacklist, cache, event bus",none,—,yes
BLOCKER-004,testing,NEW,—,27_project_completion_blockers.md,"tests/domains/catalog/test_category_deletion.py, test_file_54_resolution.py, tests/domains/customers/test_cross_country_session.py, test_customer_router_service.py, tests/domains/orders/test_core_admin.py, tests/domains/test_circuit_breaker.py","4657 tests collected, 6 collection errors",All tests must collect without error,Broken imports prevent full test suite execution,Fix missing imports in 6 test files,M,P0,5,triangulated,L0,VERIFIED,`pytest test/ --collect-only`,—,git revert <commit>,"CI/CD, full test coverage",none,—,yes
BLOCKER-005,frontend,NEW,—,27_project_completion_blockers.md,frontend/web_app/src/ (multiple files),60+ TypeScript errors in `tsc --noEmit`,TypeScript must compile cleanly,"Type mismatches, missing properties, implicit `any` types","Fix TypeScript errors in checkout, employee/attendance, supplier/bulk, supplier/dashboard, AuthForms, ProductCard, Heading, serverCountry, shared components",L,P0,5,triangulated,L0,VERIFIED,`cd frontend/web_app && pnpm tsc --noEmit`,—,git revert <commit>,"Frontend build, deployment",none,—,yes
BLOCKER-006,testing,NEW,—,27_project_completion_blockers.md,backend/tests/ (multiple files),8335 errors (2954 fixable) in ruff check,Ruff must pass per `TECHNOLOGY_STACK.md` §11,Massive unused import and undefined name issues across test files,Fix or suppress ruff errors across test files,L,P0,5,triangulated,L0,VERIFIED,`cd backend && ruff check .`,—,git revert <commit>,"CI/CD, code quality",none,—,yes
BLOCKER-007,db,NEW,—,27_project_completion_blockers.md,backend/alembic/versions/*.py,"5 divergent heads: `20260930_0002`, `20260930_0003`, `20260930_0006`, `20260930_0007`, `20261001_0001`",Single linear head per Law 49,Multiple unmerged branches in migration history,Merge or squash divergent migration heads into single linear history,L,P0,5,triangulated,L0,VERIFIED,`cd backend && PYTHONPATH=alembic alembic -c alembic/alembic.ini heads`,—,git revert <commit>,"Deployment, DB migrations",none,—,yes
BLOCKER-008,tech,NEW,—,27_project_completion_blockers.md,"backend/requirements.txt, backend/uv.lock","`fastapi==0.115.2` (target `0.141.x`), `sqlalchemy==2.0.51` (target `2.0.52`), `alembic==1.18.5` (target `1.19.1+`), forbidden packages: `psycopg2-binary`, `python-magic`, `pytz`, `tzlocal`, `requests`",Versions must match `TECHNOLOGY_STACK.md`; forbidden packages must be removed,Version mismatches and forbidden packages in dependency manifest,"Update versions in requirements.txt to match TECHNOLOGY_STACK.md, remove forbidden packages",M,P0,5,triangulated,L0,VERIFIED,Compare `requirements.txt` vs `TECHNOLOGY_STACK.md`,—,git revert <commit>,"Runtime, security, compliance",none,—,yes
BLOCKER-009,tech,NEW,—,27_project_completion_blockers.md,"frontend/web_app/package.json, pnpm-lock.yaml","`next: 16.3.4` (target `16.3.5`), `framer-motion: 12.43.0` (target `13.2.0+`), `@stripe/react-stripe-js: 5.6.1` (target `6.9.0`), `zod: 3.25.76` (target `4.3.6`)",Versions must match `TECHNOLOGY_STACK.md`,Multiple version mismatches in frontend dependencies,Update package.json and pnpm-lock.yaml to match TECHNOLOGY_STACK.md versions,M,P0,5,triangulated,L0,VERIFIED,Compare `pnpm-lock.yaml` vs `TECHNOLOGY_STACK.md`,—,git revert <commit>,"Frontend build, runtime",none,—,yes
SUP-005,infra,NEW,CLUSTER-container-scanning,28_supply_chain_security.md,.github/workflows/security.yml:103-137,Trivy filesystem scan for CRITICAL/HIGH CVEs; no container image scan in build.yml,Container images scanned for critical/high CVEs before push,PARTIAL. Trivy filesystem scan catches dependencies in the repo but does NOT scan the built container image. build.yml pushes images without scanning.,Add Trivy container image scan to build.yml before push; fail on CRITICAL/HIGH,M (2h),P1,4,single,L1,VERIFIED,"`grep -n ""trivy"" .github/workflows/build.yml`",tests/test_container_scanning.py,Revert Trivy image scan if it blocks legitimate images,Image provenance,none,none,partial
SUP-006,infra,NEW,CLUSTER-image-signing,28_supply_chain_security.md,.github/workflows/build.yml:59-113,No cosign or image signing step in build workflow,cosign 2.6.3+ used to sign container images per TECHNOLOGY_STACK.md §11,GAP. Container images are built and pushed to GHCR without any signing or provenance attestation. Consumers cannot verify image integrity.,Add cosign signing step to build.yml after image push; upload .sig artifact,M (2h),P1,4,single,L0,VERIFIED,"`grep -n ""cosign"" .github/workflows/build.yml`",tests/test_image_signing.py,Revert cosign step if signing keys are not available,"Image provenance, compliance",none,none,partial
SUP-007,security,NEW,CLUSTER-plaintext-secrets,28_supply_chain_security.md,.env:2; backend/.env:1,`SECRET_KEY=K1shXALnoZnJzgvaq5DIwh9SWXWPX1YGNi5cY97jjTM2cFN4I9F6jWXVITL9fgKW` in root `.env`; identical key in `backend/.env:1`,No plaintext secrets in working tree; all secrets via Coolify env vars per TECHNOLOGY_STACK.md §5,EMERGENCY. Real-looking JWT SECRET_KEY stored in unencrypted `.env` files in working tree. Both files contain identical production-looking keys. .gitignore ignores `.env` but files still exist on disk.,Rotate SECRET_KEY immediately; remove `.env` files from working tree; use Coolify env vars exclusively,S (0.5h),P0,5,multiple,L1,VERIFIED,`gitleaks detect --source . --report-path gitleaks-local.json`,tests/security/test_no_plaintext_secrets.py,Re-add rotated SECRET_KEY to Coolify if service fails,"F-026, CHAIN-006",none,none,yes
SUP-010,security,NEW,CLUSTER-hardcoded-secrets-workflows,28_supply_chain_security.md,.github/workflows/security.yml:206,`SECRET_KEY: ci-test-secret-key-not-for-production` hardcoded in workflow env block,"Test secrets must come from `${{ secrets.* }}` references, never inline literals",GAP. Hardcoded test secret in workflow file; should use GitHub Secrets. e2e.yml and schema-audit.yml also contain hardcoded test secrets/credentials.,Move test SECRET_KEY to `${{ secrets.TEST_SECRET_KEY }}` reference,S (0.5h),P2,5,single,L1,VERIFIED,"`grep -n ""ci-test-secret-key"" .github/workflows/security.yml`",tests/security/test_workflow_secrets.py,Revert to inline literal if secret management overhead is too high,F-028,none,none,no
---,---,---,---,config_verification.md,---,---,---,---,---,---,---,---,---,---,---,---,---,---,---,---,---,---
CFG-001,Phase 5,COMPILED,Config-Profiles,config_verification.md,`backend/config.py:64-753`,Single `Settings` class serving all environments,"Separate `DevSettings`, `StagingSettings`, `ProdSettings` classes with no inheritance between profiles",Monolithic settings class mixes environment concerns; production validation bolted on as post-init validator,Split into three explicit settings classes per Law 86; each profile inherits from a typed `BaseSettings` only for shared fields,Medium,P1,High,Strong — single class spans all env concerns,Factual,VERIFIED,Inspect `Settings` class hierarchy,Instantiate each profile and assert required fields,Revert to single class,Medium — requires updating all `settings.` imports to profile-specific imports,None,None,partial
CFG-002,Phase 5,COMPILED,Config-Profiles,config_verification.md,`backend/config.py:399-577`,"Production validation runs only when `app_env == ""production""`; no staging validation block",Explicit `StagingSettings` validator mirroring production checks minus debug=False,Staging can boot with missing secrets/URLs because `_validate_production` guard skips non-production,"Add `_validate_staging` validator enforcing DATABASE_URL, Valkey, SMTP, and secret presence",Low,P1,High,"Strong — validator explicitly gated on `app_env != ""production""`",Factual,VERIFIED,Set `APP_ENV=staging` with missing DATABASE_URL,Expect startup failure,Rollback = remove staging validator,Low — adds early failure for incomplete staging config,CFG-001,None,partial
CFG-003,Phase 5,INVALID,Secret-Marking,config_verification.md,"`backend/config.py:72,90-92,94-95,98-99,103-104,108,112,124-126,128,131-132,134,136,168,177-178,184-185,191,203,214,221,219`",Secret fields lack `secret=True`,"All Pydantic fields holding secrets use `Field(..., secret=True)` to mask values in `repr()` and exception messages","Unmasked secrets leak into logs, tracebacks, and debug output",Add `secret=True` to every sensitive field definition,Low,P1,High,Strong — grep for `secret=True` returns 30+ matches in `backend/config.py`,Factual,CONTRADICTED,Start app with invalid secret and inspect traceback,Verify secret values are masked,Rollback = remove `secret=True` flags,Low — only affects log/traceback output,None,None,no
CFG-004,Phase 5,RESOLVED,No-Default-Creds,config_verification.md,`backend/config.py:113`,"`email_from` defaults to `""noreply@zozi.com""` — a production-valid sender address","Empty string default `""""` with production-required validator",Dev default looks like a real production sender; risk of accidental production send from dev environment,"Change default to `""""`; add production validator requiring non-empty value",Trivial,P2,Medium,"Strong — default is a real domain string, not empty",Factual,VERIFIED,Read `email_from` with no env var set,Assert default is empty,Rollback = restore original default,Low — only affects default value,None,None,no
CFG-005,Phase 5,INVALID,No-Default-Creds,config_verification.md,`backend/config.py:146-147`,"`celery_broker_url` defaults to `""valkey://localhost:6379/1""` and `celery_result_backend` to `""valkey://localhost:6379/2""`",Empty string defaults with explicit production requirement,"Localhost URLs are dev infrastructure, not credentials, but non-empty defaults mask misconfiguration in non-production environments","Change defaults to `""""`; rely on production validator to enforce presence",Trivial,P3,Medium,Strong — defaults are non-empty connection strings,Factual,CONTRADICTED,Inspect defaults with no env vars,Assert empty string defaults,Rollback = restore localhost defaults,Low — only changes dev boot behavior,None,None,no
CFG-006,Phase 5,INVALID,No-Default-Creds,config_verification.md,`backend/config.py:129`,"`valkey_url` defaults to `""valkey://localhost:6379""`",Empty string default with production validator enforcement,Non-empty dev default for cache URL; localhost is not a credential but violates empty/null default principle,"Change default to `""""`",Trivial,P3,Medium,Strong — non-empty localhost URL,Factual,CONTRADICTED,Inspect default value,Assert empty string,Rollback = restore localhost default,Low,None,None,no
CFG-007,Phase 5,RESOLVED,Env-Validation,config_verification.md,`backend/config.py:736`,`settings = Settings()` instantiated at module import time,Explicit startup gate that aborts process on validation failure,"Current behavior does fail on missing production vars because instantiation raises, but only for production; staging/dev silently accept incomplete config",Document that import-time instantiation is the validation mechanism; add staging guard,Trivial,P2,High,Strong — `Settings()` is called at line 736 during import,Factual,VERIFIED,Remove DATABASE_URL and import config in production mode,Expect ImportError/ValueError,Rollback = restore original instantiation,Low — only affects startup failure mode,None,None,partial
CFG-008,Phase 5,INVALID,Typed-Flags,config_verification.md,`backend/config.py:50-100`,"`_BOOL_KEYS`, `_INT_KEYS`, `_FLOAT_KEYS` dicts defined but unused within file; typed fields declared directly on `Settings` class",Remove legacy coercion dicts or document their external consumers,Dead dicts imply prior manual env parsing; current typed fields make them redundant,Remove unused dicts or add comment documenting external consumers,Trivial,P3,Low,Weak — dicts exist but no internal usage found in shown file,Factual,CONTRADICTED,Grep for `_BOOL_KEYS`/`_INT_KEYS`/`_FLOAT_KEYS` across repo,Assert only config.py references or documented external usage,Rollback = restore dicts,Low — dead code removal,None,None,no
CFG-009,Phase 5,RESOLVED,Typed-Flags,config_verification.md,`backend/config.py:43`,"`os.getenv(""APP_ENV"", ""development"")` used for dotenv loading before pydantic-settings instantiation",Use `Settings()` env loading exclusively; avoid raw `os.getenv()` even for dotenv gating,"Raw `os.getenv()` in config module violates Law 84 spirit; however, this occurs before settings class exists",Replace with `os.environ.get()` only for the dotenv path gating; add comment explaining pre-settings necessity,Trivial,P3,Medium,Strong — `os.getenv()` used at line 43,Factual,VERIFIED,Inspect lines 41-48,Assert minimal raw os.getenv usage with justification,Rollback = restore original dotenv gating,Low,None,None,no
CFG-012,Phase 5,RESOLVED,Validation,config_verification.md,`backend/config.py:86`,"`db_max_overflow: int = Field(default=100)` has no `ge`/`le` constraint, unlike `db_pool_size` which has `ge=1, le=100`","Add `ge=0, le=200` consistent with pool_size max overflow semantics",Unbounded overflow can cause connection exhaustion; Law 47 requires environment-configurable pools,"Add `ge=0, le=200` field constraint",Trivial,P2,High,Strong — sibling field `db_pool_size` has bounds but `db_max_overflow` does not,Factual,VERIFIED,Inspect `db_max_overflow` field definition,Assert `ge`/`le` present,Rollback = remove bounds,Low — only tightens validation,None,None,no
CFG-013,Phase 5,INVALID,Validation,config_verification.md,`backend/config.py:72`,"`secret_key: str = Field(default="""")` has no `min_length` constraint despite being a JWT HS256 secret",Enforce `min_length=32` (or stronger) matching `secrets.token_hex(32)` recommendation in `TECHNOLOGY_STACK.md:302`,Short or empty secret key weakens JWT signing; current validator catches empty but not short values,Add `min_length=32` to `secret_key` field,Trivial,P1,High,Strong — field definition has no length constraint; validator only checks non-empty,Factual,CONTRADICTED,Instantiate with 8-char secret,Expect ValidationError,Rollback = remove min_length,Low — only tightens validation,None,None,no
CFG-020,Phase 5,RESOLVED,Validation,config_verification.md,`backend/config.py:86`,`db_max_overflow: int = Field(default=100)` has no `ge`/`le` constraint,"Add `ge=0, le=200` consistent with pool_size max overflow semantics",Unbounded overflow can cause connection exhaustion; Law 47 requires environment-configurable pools,"Add `ge=0, le=200` field constraint",Trivial,P2,High,Strong — sibling field `db_pool_size` has bounds but `db_max_overflow` does not,Factual,VERIFIED,Inspect `db_max_overflow` field definition,Assert `ge`/`le` present,Rollback = remove bounds,Low — only tightens validation,None,None,no
CFG-021,Phase 5,RESOLVED,Validation,config_verification.md,"`backend/config.py:83,399-577`",`database_url_direct` field declared at line 83 but absent from `_validate_production_environments` validator,DATABASE_URL_DIRECT required in production per `TECHNOLOGY_STACK.md:305` for Alembic migrations and DDL,"Missing validator means production can boot with empty DATABASE_URL_DIRECT, breaking migrations",Add `database_url_direct` presence and scheme check to `_validate_production_environments`,Trivial,P1,High,Strong — validator checks DATABASE_URL at line 433 but omits DATABASE_URL_DIRECT entirely,Factual,VERIFIED,Set `APP_ENV=production` with `DATABASE_URL` set and `DATABASE_URL_DIRECT` empty,Expect ValueError on startup,Rollback = remove validator block,Medium — affects migration and DDL operations,None,None,yes
CFG-022,Phase 5,RESOLVED,Validation,config_verification.md,`backend/config.py:72`,"`secret_key: str = Field(default="""", min_length=32, secret=True)`",`min_length=64` to enforce canonical `secrets.token_hex(32)` output length per `TECHNOLOGY_STACK.md:302`,`secrets.token_hex(32)` produces 64 hex characters; current min_length=32 allows half-length keys,Add `min_length=64` to `secret_key` Field,Trivial,P1,High,Strong — `TECHNOLOGY_STACK.md:302` prescribes `secrets.token_hex(32)` producing 64 chars,Factual,VERIFIED,"Instantiate `Settings(secret_key=""a""*32)`",Expect ValidationError for length < 64,Rollback = restore min_length=32,Low — only tightens validation,None,None,yes
CFG-023,Phase 5,RESOLVED,Validation,config_verification.md,"`backend/config.py:82,433-437`","`database_url: str = Field(default="""")` has no scheme validation",Enforce `postgresql+asyncpg://` scheme per `TECHNOLOGY_STACK.md:304`,"Wrong scheme (e.g., sqlite, psycopg2) fails silently or at runtime; production validator only rejects sqlite",Add `pattern` or validator enforcing `postgresql+asyncpg://` prefix,Trivial,P1,High,Strong — `TECHNOLOGY_STACK.md:304` mandates `postgresql+asyncpg://`; current validator only rejects sqlite,Factual,VERIFIED,Set `DATABASE_URL=sqlite:///tmp/test.db` with `APP_ENV=production`,Expect ValueError for scheme,Rollback = remove scheme check,Medium — prevents wrong driver at boot,None,None,yes
CFG-024,Phase 5,RESOLVED,Validation,config_verification.md,"`backend/config.py:129,499-501`","`valkey_url: str = Field(default="""")` has no scheme validation",Enforce `valkey://` scheme for Valkey client compatibility,Wrong scheme causes connection failures at runtime; no early validation,Add `pattern` or validator enforcing `valkey://` prefix,Trivial,P1,High,Strong — Valkey Python client requires `valkey://` scheme; no validation present,Factual,VERIFIED,Set `VALKEY_URL=redis://localhost:6379` with `APP_ENV=production`,Expect ValueError for scheme,Rollback = remove scheme check,Low — only affects cache connection,None,None,yes
CFG-025,Phase 5,RESOLVED,Validation,config_verification.md,`backend/config.py:203`,"`audit_chain_key: str = Field(default="""", secret=True)` has no `min_length` constraint",Enforce `min_length=32` for HMAC key entropy per `TECHNOLOGY_STACK.md:373`,Short HMAC keys weaken audit chain integrity; empty key caught by validator but short keys pass,Add `min_length=32` to `audit_chain_key` Field,Trivial,P1,High,Strong — `TECHNOLOGY_STACK.md:373` specifies HMAC key for WORM audit; no length constraint present,Factual,VERIFIED,"Instantiate `Settings(audit_chain_key=""short"")`",Expect ValidationError for length,Rollback = remove min_length,Low — only tightens validation,None,None,yes
CFG-026,Phase 5,RESOLVED,Validation,config_verification.md,`backend/config.py:184`,"`field_encryption_key: str = Field(default="""", secret=True)` has no `min_length` constraint",Enforce `min_length=64` for AES-256-GCM key per `TECHNOLOGY_STACK.md:371` (`secrets.token_hex(32)` produces 64 hex chars),Short encryption keys weaken AES-256-GCM; empty key caught by validator but short keys pass,Add `min_length=64` to `field_encryption_key` Field,Trivial,P1,High,Strong — `TECHNOLOGY_STACK.md:371` prescribes `secrets.token_hex(32)` for AES-256-GCM master key,Factual,VERIFIED,"Instantiate `Settings(field_encryption_key=""a""*32)`",Expect ValidationError for length,Rollback = remove min_length,Low — only tightens validation,None,None,yes
CFG-027,Phase 5,NEW,Validation,config_verification.md,`backend/config.py:83`,"`database_url_direct: str = Field(default="""")` has no `min_length` or scheme validation",Enforce non-empty direct DSN with `postgresql+asyncpg://` scheme,Empty or wrong-scheme DATABASE_URL_DIRECT causes Alembic and DDL failures,Add `min_length=1` and scheme pattern to `database_url_direct` Field,Trivial,P1,High,Strong — `TECHNOLOGY_STACK.md:305` mandates non-pooled direct endpoint; field has no constraints,Factual,VERIFIED,Set `DATABASE_URL_DIRECT=sqlite:///tmp/test.db` with `APP_ENV=production`,Expect ValueError for scheme,Rollback = remove constraints,Medium — affects migrations and DDL,None,None,yes
